-- MySQL dump 10.13  Distrib 5.5.40, for debian-linux-gnu (x86_64)
--
-- Host: localhost    Database: hackazon_2
-- ------------------------------------------------------
-- Server version	5.5.40-0+wheezy1

/*!40101 SET @OLD_CHARACTER_SET_CLIENT=@@CHARACTER_SET_CLIENT */;
/*!40101 SET @OLD_CHARACTER_SET_RESULTS=@@CHARACTER_SET_RESULTS */;
/*!40101 SET @OLD_COLLATION_CONNECTION=@@COLLATION_CONNECTION */;
/*!40101 SET NAMES utf8 */;
/*!40103 SET @OLD_TIME_ZONE=@@TIME_ZONE */;
/*!40103 SET TIME_ZONE='+00:00' */;
/*!40014 SET @OLD_UNIQUE_CHECKS=@@UNIQUE_CHECKS, UNIQUE_CHECKS=0 */;
/*!40014 SET @OLD_FOREIGN_KEY_CHECKS=@@FOREIGN_KEY_CHECKS, FOREIGN_KEY_CHECKS=0 */;
/*!40101 SET @OLD_SQL_MODE=@@SQL_MODE, SQL_MODE='NO_AUTO_VALUE_ON_ZERO' */;
/*!40111 SET @OLD_SQL_NOTES=@@SQL_NOTES, SQL_NOTES=0 */;

--
-- Table structure for table `tbl_brand`
--

DROP TABLE IF EXISTS `tbl_brand`;
/*!40101 SET @saved_cs_client     = @@character_set_client */;
/*!40101 SET character_set_client = utf8 */;
CREATE TABLE `tbl_brand` (
  `brandID` int(11) NOT NULL AUTO_INCREMENT,
  `name` varchar(150) DEFAULT NULL,
  `comment` varchar(50) DEFAULT NULL,
  `Pict` varchar(255) DEFAULT NULL,
  `description` longtext,
  `brief` text,
  `meta_title` varchar(255) DEFAULT NULL,
  `meta_keywords` varchar(255) DEFAULT NULL,
  `meta_desc` varchar(255) DEFAULT NULL,
  `hurl` varchar(255) DEFAULT NULL,
  `canonical` varchar(255) DEFAULT NULL,
  PRIMARY KEY (`brandID`)
) ENGINE=InnoDB AUTO_INCREMENT=2 DEFAULT CHARSET=utf8;
/*!40101 SET character_set_client = @saved_cs_client */;

--
-- Dumping data for table `tbl_brand`
--

LOCK TABLES `tbl_brand` WRITE;
/*!40000 ALTER TABLE `tbl_brand` DISABLE KEYS */;
/*!40000 ALTER TABLE `tbl_brand` ENABLE KEYS */;
UNLOCK TABLES;

--
-- Table structure for table `tbl_cart`
--

DROP TABLE IF EXISTS `tbl_cart`;
/*!40101 SET @saved_cs_client     = @@character_set_client */;
/*!40101 SET character_set_client = utf8 */;
CREATE TABLE `tbl_cart` (
  `id` int(10) unsigned NOT NULL AUTO_INCREMENT,
  `created_at` timestamp NOT NULL DEFAULT '0000-00-00 00:00:00',
  `updated_at` timestamp NOT NULL DEFAULT CURRENT_TIMESTAMP ON UPDATE CURRENT_TIMESTAMP,
  `items_count` int(10) unsigned DEFAULT '0',
  `items_qty` int(10) unsigned DEFAULT '0',
  `total_price` decimal(12,4) DEFAULT '0.0000',
  `uid` varchar(255) DEFAULT NULL,
  `customer_id` int(10) unsigned DEFAULT '0',
  `customer_email` varchar(255) DEFAULT NULL,
  `customer_is_guest` smallint(5) unsigned DEFAULT '0',
  `payment_method` varchar(20) DEFAULT NULL,
  `shipping_method` varchar(20) DEFAULT NULL,
  `shipping_address_id` int(11) DEFAULT '0',
  `billing_address_id` int(11) DEFAULT '0',
  `last_step` tinyint(1) DEFAULT '0',
  PRIMARY KEY (`id`)
) ENGINE=InnoDB AUTO_INCREMENT=3 DEFAULT CHARSET=utf8;
/*!40101 SET character_set_client = @saved_cs_client */;

--
-- Dumping data for table `tbl_cart`
--

LOCK TABLES `tbl_cart` WRITE;
/*!40000 ALTER TABLE `tbl_cart` DISABLE KEYS */;
INSERT INTO `tbl_cart` VALUES (1,'2014-09-03 14:04:21','2014-09-03 14:04:21',1,1,0.0000,'a0bf4j2j3fgnkanutsvq8ep8e2',0,'',0,'','',0,0,0),(2,'2014-09-18 13:54:40','2014-09-18 13:54:40',0,0,0.0000,'235lleaf4mjhohsra97pgi7de2',0,NULL,0,NULL,NULL,0,0,0);
/*!40000 ALTER TABLE `tbl_cart` ENABLE KEYS */;
UNLOCK TABLES;

--
-- Table structure for table `tbl_cart_items`
--

DROP TABLE IF EXISTS `tbl_cart_items`;
/*!40101 SET @saved_cs_client     = @@character_set_client */;
/*!40101 SET character_set_client = utf8 */;
CREATE TABLE `tbl_cart_items` (
  `id` int(10) unsigned NOT NULL AUTO_INCREMENT,
  `cart_id` int(10) unsigned NOT NULL DEFAULT '0',
  `created_at` timestamp NOT NULL DEFAULT '0000-00-00 00:00:00',
  `updated_at` timestamp NOT NULL DEFAULT CURRENT_TIMESTAMP ON UPDATE CURRENT_TIMESTAMP,
  `product_id` int(10) unsigned DEFAULT NULL,
  `name` varchar(255) DEFAULT NULL,
  `qty` int(10) unsigned DEFAULT '0',
  `price` decimal(12,4) DEFAULT '0.0000',
  PRIMARY KEY (`id`),
  KEY `FK_CART_ID` (`cart_id`),
  CONSTRAINT `FK_CART_ID` FOREIGN KEY (`cart_id`) REFERENCES `tbl_cart` (`id`) ON DELETE CASCADE ON UPDATE CASCADE
) ENGINE=InnoDB AUTO_INCREMENT=2 DEFAULT CHARSET=utf8;
/*!40101 SET character_set_client = @saved_cs_client */;

--
-- Dumping data for table `tbl_cart_items`
--

LOCK TABLES `tbl_cart_items` WRITE;
/*!40000 ALTER TABLE `tbl_cart_items` DISABLE KEYS */;
INSERT INTO `tbl_cart_items` VALUES (1,1,'2014-09-04 03:57:04','2014-09-04 03:57:05',1,'Martha Stewart Crafts Garland, Pink Pom Pom Small',1,0.0000);
/*!40000 ALTER TABLE `tbl_cart_items` ENABLE KEYS */;
UNLOCK TABLES;

--
-- Table structure for table `tbl_categories`
--

DROP TABLE IF EXISTS `tbl_categories`;
/*!40101 SET @saved_cs_client     = @@character_set_client */;
/*!40101 SET character_set_client = utf8 */;
CREATE TABLE `tbl_categories` (
  `categoryID` int(11) NOT NULL AUTO_INCREMENT,
  `name` varchar(255) DEFAULT NULL,
  `parent` int(11) DEFAULT NULL,
  `products_count` int(11) DEFAULT NULL,
  `description` longtext,
  `picture` varchar(255) DEFAULT NULL,
  `products_count_admin` int(11) DEFAULT NULL,
  `about` text,
  `enabled` int(11) DEFAULT NULL,
  `meta_title` varchar(255) DEFAULT NULL,
  `meta_keywords` varchar(255) DEFAULT NULL,
  `meta_desc` varchar(255) DEFAULT NULL,
  `hurl` varchar(255) DEFAULT NULL,
  `canonical` varchar(255) DEFAULT NULL,
  `h1` varchar(255) DEFAULT NULL,
  `hidden` int(1) NOT NULL DEFAULT '0',
  `lpos` int(11) DEFAULT NULL,
  `rpos` int(11) DEFAULT NULL,
  `depth` int(11) DEFAULT NULL,
  PRIMARY KEY (`categoryID`),
  KEY `root_category` (`parent`)
) ENGINE=InnoDB AUTO_INCREMENT=53 DEFAULT CHARSET=utf8;
/*!40101 SET character_set_client = @saved_cs_client */;

--
-- Dumping data for table `tbl_categories`
--

LOCK TABLES `tbl_categories` WRITE;
/*!40000 ALTER TABLE `tbl_categories` DISABLE KEYS */;
INSERT INTO `tbl_categories` VALUES (1,'0_ROOT',0,NULL,NULL,NULL,NULL,NULL,1,NULL,NULL,NULL,NULL,NULL,NULL,0,1,104,0),(2,'Arts, Crafts & Sewing Coupons',1,NULL,NULL,NULL,NULL,NULL,1,NULL,NULL,NULL,NULL,NULL,NULL,0,92,103,1),(3,'Craft Supplies',2,NULL,NULL,NULL,NULL,NULL,1,NULL,NULL,NULL,NULL,NULL,NULL,0,101,102,2),(4,'Jewelry-Making',2,NULL,NULL,NULL,NULL,NULL,1,NULL,NULL,NULL,NULL,NULL,NULL,0,99,100,2),(5,'Painting',2,NULL,NULL,NULL,NULL,NULL,1,NULL,NULL,NULL,NULL,NULL,NULL,0,97,98,2),(6,'Scrapbooking',2,NULL,NULL,NULL,NULL,NULL,1,NULL,NULL,NULL,NULL,NULL,NULL,0,95,96,2),(7,'Sewing',2,NULL,NULL,NULL,NULL,NULL,1,NULL,NULL,NULL,NULL,NULL,NULL,0,93,94,2),(8,'Automotive & Industrial',1,NULL,NULL,NULL,NULL,NULL,1,NULL,NULL,NULL,NULL,NULL,NULL,0,80,91,1),(9,'Automotive Parts & Accessories',8,NULL,NULL,NULL,NULL,NULL,1,NULL,NULL,NULL,NULL,NULL,NULL,0,89,90,2),(10,'Automotive Tools & Equipment',8,NULL,NULL,NULL,NULL,NULL,1,NULL,NULL,NULL,NULL,NULL,NULL,0,87,88,2),(14,'Beauty, Health & Grocery',1,NULL,NULL,NULL,NULL,NULL,1,NULL,NULL,NULL,NULL,NULL,NULL,0,68,79,1),(15,'All beauty',14,NULL,NULL,NULL,NULL,NULL,1,NULL,NULL,NULL,NULL,NULL,NULL,0,77,78,2),(16,'Health, Household & Baby Care',14,NULL,NULL,NULL,NULL,NULL,1,NULL,NULL,NULL,NULL,NULL,NULL,0,75,76,2),(17,'Luxury Beauty',14,NULL,NULL,NULL,NULL,NULL,1,NULL,NULL,NULL,NULL,NULL,NULL,0,73,74,2),(18,'Mens Grooming',14,NULL,NULL,NULL,NULL,NULL,1,NULL,NULL,NULL,NULL,NULL,NULL,0,71,72,2),(19,'Natural & Organic',14,NULL,NULL,NULL,NULL,NULL,1,NULL,NULL,NULL,NULL,NULL,NULL,0,69,70,2),(20,'Clothing, Shoes & Jewelry',1,NULL,NULL,NULL,NULL,NULL,1,NULL,NULL,NULL,NULL,NULL,NULL,0,56,67,1),(21,'Baby',20,NULL,NULL,NULL,NULL,NULL,1,NULL,NULL,NULL,NULL,NULL,NULL,0,65,66,2),(22,'Boys',20,NULL,NULL,NULL,NULL,NULL,1,NULL,NULL,NULL,NULL,NULL,NULL,0,63,64,2),(23,'Girls',20,NULL,NULL,NULL,NULL,NULL,1,NULL,NULL,NULL,NULL,NULL,NULL,0,61,62,2),(24,'Men',20,NULL,NULL,NULL,NULL,NULL,1,NULL,NULL,NULL,NULL,NULL,NULL,0,59,60,2),(25,'Women',20,NULL,NULL,NULL,NULL,NULL,1,NULL,NULL,NULL,NULL,NULL,NULL,0,57,58,2),(26,'Electronics & Computers',1,NULL,NULL,NULL,NULL,NULL,1,NULL,NULL,NULL,NULL,NULL,NULL,0,44,55,1),(27,'CAMERA, PHOTO & VIDEO',26,NULL,NULL,NULL,NULL,NULL,1,NULL,NULL,NULL,NULL,NULL,NULL,0,53,54,2),(28,'Car Electronics',26,NULL,NULL,NULL,NULL,NULL,1,NULL,NULL,NULL,NULL,NULL,NULL,0,51,52,2),(29,'Cell Phones & Accessories',26,NULL,NULL,NULL,NULL,NULL,1,NULL,NULL,NULL,NULL,NULL,NULL,0,49,50,2),(30,'Musical Instruments',26,NULL,NULL,NULL,NULL,NULL,1,NULL,NULL,NULL,NULL,NULL,NULL,0,47,48,2),(31,'Printers & Ink',26,NULL,NULL,NULL,NULL,NULL,1,NULL,NULL,NULL,NULL,NULL,NULL,0,45,46,2),(32,'Home, Garden & Tools',1,NULL,NULL,NULL,NULL,NULL,1,NULL,NULL,NULL,NULL,NULL,NULL,0,32,43,1),(33,'Appliances',32,NULL,NULL,NULL,NULL,NULL,1,NULL,NULL,NULL,NULL,NULL,NULL,0,41,42,2),(34,'Bedding & Bath',32,NULL,NULL,NULL,NULL,NULL,1,NULL,NULL,NULL,NULL,NULL,NULL,0,39,40,2),(35,'Furniture & Decor',32,NULL,NULL,NULL,NULL,NULL,1,NULL,NULL,NULL,NULL,NULL,NULL,0,37,38,2),(36,'Kitchen & Dining',32,NULL,NULL,NULL,NULL,NULL,1,NULL,NULL,NULL,NULL,NULL,NULL,0,35,36,2),(37,'Patio, Lawn & Garden',32,NULL,NULL,NULL,NULL,NULL,1,NULL,NULL,NULL,NULL,NULL,NULL,0,33,34,2),(38,'Sports & Outdoors',1,NULL,NULL,NULL,NULL,NULL,1,NULL,NULL,NULL,NULL,NULL,NULL,0,20,31,1),(39,'Athletic & Outdoor Clothing',38,NULL,NULL,NULL,NULL,NULL,1,NULL,NULL,NULL,NULL,NULL,NULL,0,29,30,2),(40,'Cycling',38,NULL,NULL,NULL,NULL,NULL,1,NULL,NULL,NULL,NULL,NULL,NULL,0,27,28,2),(41,'Fan Shop',38,NULL,NULL,NULL,NULL,NULL,1,NULL,NULL,NULL,NULL,NULL,NULL,0,25,26,2),(42,'Golf',38,NULL,NULL,NULL,NULL,NULL,1,NULL,NULL,NULL,NULL,NULL,NULL,0,23,24,2),(43,'Team Sports',38,NULL,NULL,NULL,NULL,NULL,1,NULL,NULL,NULL,NULL,NULL,NULL,0,21,22,2),(44,'Test Fire TV',1,NULL,NULL,NULL,NULL,NULL,1,NULL,NULL,NULL,NULL,NULL,NULL,0,10,19,1),(45,'Games for Fire TV',44,NULL,NULL,NULL,NULL,NULL,1,NULL,NULL,NULL,NULL,NULL,NULL,0,17,18,2),(46,'Prime Instant Video',44,NULL,NULL,NULL,NULL,NULL,1,NULL,NULL,NULL,NULL,NULL,NULL,0,15,16,2),(47,'Test Fire Game Controller',44,NULL,NULL,NULL,NULL,NULL,1,NULL,NULL,NULL,NULL,NULL,NULL,0,13,14,2),(48,'Test Fire TV',44,NULL,NULL,NULL,NULL,NULL,1,NULL,NULL,NULL,NULL,NULL,NULL,0,11,12,2),(49,'Unlimited Instant Videos',1,NULL,NULL,NULL,NULL,NULL,1,NULL,NULL,NULL,NULL,NULL,NULL,0,2,9,1),(50,'Amazon Instant Video',49,NULL,NULL,NULL,NULL,NULL,1,NULL,NULL,NULL,NULL,NULL,NULL,0,7,8,2),(51,'Prime Instant Video',49,NULL,NULL,NULL,NULL,NULL,1,NULL,NULL,NULL,NULL,NULL,NULL,0,5,6,2),(52,'Shop Instant Video',49,NULL,NULL,NULL,NULL,NULL,1,NULL,NULL,NULL,NULL,NULL,NULL,0,3,4,2);
/*!40000 ALTER TABLE `tbl_categories` ENABLE KEYS */;
UNLOCK TABLES;

--
-- Table structure for table `tbl_category_product`
--

DROP TABLE IF EXISTS `tbl_category_product`;
/*!40101 SET @saved_cs_client     = @@character_set_client */;
/*!40101 SET character_set_client = utf8 */;
CREATE TABLE `tbl_category_product` (
  `id` int(11) NOT NULL AUTO_INCREMENT,
  `productID` int(11) NOT NULL,
  `categoryID` int(11) NOT NULL,
  PRIMARY KEY (`id`)
) ENGINE=InnoDB AUTO_INCREMENT=395 DEFAULT CHARSET=utf8;
/*!40101 SET character_set_client = @saved_cs_client */;

--
-- Dumping data for table `tbl_category_product`
--

LOCK TABLES `tbl_category_product` WRITE;
/*!40000 ALTER TABLE `tbl_category_product` DISABLE KEYS */;
INSERT INTO `tbl_category_product` VALUES (140,1,3),(141,2,3),(142,3,3),(143,4,3),(144,5,3),(145,6,4),(146,7,4),(147,8,4),(148,9,4),(149,10,4),(150,11,5),(151,12,5),(152,13,5),(153,14,5),(154,15,5),(155,16,6),(156,17,6),(157,18,6),(158,19,6),(159,20,6),(160,21,7),(161,22,7),(162,23,7),(163,24,7),(164,25,7),(165,26,9),(166,27,9),(167,28,9),(168,29,9),(169,30,9),(170,31,10),(171,32,10),(172,33,10),(173,34,10),(174,35,10),(175,36,15),(176,37,15),(177,38,15),(178,39,15),(179,40,15),(180,41,15),(181,42,15),(182,43,15),(183,44,15),(184,45,15),(185,46,16),(186,47,16),(187,48,16),(188,49,16),(189,50,16),(190,51,16),(191,52,16),(192,53,16),(193,54,16),(194,55,16),(195,56,17),(196,57,17),(197,58,17),(198,59,17),(199,60,17),(200,61,17),(201,62,17),(202,63,17),(203,64,17),(204,65,17),(205,66,18),(206,67,18),(207,68,18),(208,69,18),(209,70,18),(210,71,18),(211,72,18),(212,73,18),(213,74,18),(214,75,18),(215,76,19),(216,77,19),(217,78,19),(218,79,19),(219,80,19),(220,81,19),(221,82,19),(222,83,19),(223,84,19),(224,85,21),(225,86,21),(226,87,21),(227,88,21),(228,89,21),(229,90,22),(230,91,22),(231,92,22),(232,93,22),(233,94,22),(234,95,23),(235,96,23),(236,97,23),(237,98,23),(238,99,23),(239,100,24),(240,101,24),(241,102,24),(242,103,24),(243,104,24),(244,105,25),(245,106,25),(246,107,25),(247,108,25),(248,109,25),(249,110,27),(250,111,27),(251,112,27),(252,113,27),(253,114,27),(254,115,28),(255,116,28),(256,117,28),(257,118,28),(258,119,28),(259,120,29),(260,121,29),(261,122,29),(262,123,29),(263,124,29),(264,125,30),(265,126,30),(266,127,30),(267,128,30),(268,129,30),(269,130,31),(270,131,31),(271,132,31),(272,133,31),(273,134,31),(274,135,33),(275,136,33),(276,137,33),(277,138,33),(278,139,33),(279,140,34),(280,141,34),(281,142,34),(282,143,34),(283,144,34),(284,145,35),(285,146,35),(286,147,35),(287,148,35),(288,149,35),(289,150,36),(290,151,36),(291,152,36),(292,153,36),(293,154,36),(294,155,37),(295,156,37),(296,157,37),(297,158,37),(298,159,37),(299,160,39),(300,161,39),(301,162,39),(302,163,39),(303,164,39),(304,165,40),(305,166,40),(306,167,40),(307,168,40),(308,169,40),(309,170,41),(310,171,41),(311,172,41),(312,173,41),(313,174,41),(314,175,42),(315,176,42),(316,177,42),(317,178,42),(318,179,42),(319,180,43),(320,181,43),(321,182,43),(322,183,43),(323,184,43),(324,185,45),(325,186,45),(326,187,45),(327,188,45),(328,189,45),(329,190,46),(330,191,46),(331,192,46),(332,193,46),(333,194,46),(334,195,47),(335,196,48),(336,197,50),(337,198,50),(338,199,50),(339,200,50),(340,201,50),(341,202,51),(342,203,51),(343,204,51),(344,205,51),(345,206,51),(346,207,52),(347,208,52),(348,209,52),(349,210,52);
/*!40000 ALTER TABLE `tbl_category_product` ENABLE KEYS */;
UNLOCK TABLES;

--
-- Table structure for table `tbl_contact_messages`
--

DROP TABLE IF EXISTS `tbl_contact_messages`;
/*!40101 SET @saved_cs_client     = @@character_set_client */;
/*!40101 SET character_set_client = utf8 */;
CREATE TABLE `tbl_contact_messages` (
  `id` int(10) unsigned NOT NULL AUTO_INCREMENT,
  `created_at` timestamp NOT NULL DEFAULT CURRENT_TIMESTAMP,
  `name` varchar(100) DEFAULT NULL,
  `email` varchar(50) DEFAULT NULL,
  `phone` varchar(20) DEFAULT NULL,
  `message` text,
  `customer_id` int(10) DEFAULT NULL,
  PRIMARY KEY (`id`)
) ENGINE=InnoDB DEFAULT CHARSET=utf8;
/*!40101 SET character_set_client = @saved_cs_client */;

--
-- Dumping data for table `tbl_contact_messages`
--

LOCK TABLES `tbl_contact_messages` WRITE;
/*!40000 ALTER TABLE `tbl_contact_messages` DISABLE KEYS */;
/*!40000 ALTER TABLE `tbl_contact_messages` ENABLE KEYS */;
UNLOCK TABLES;

--
-- Table structure for table `tbl_coupons`
--

DROP TABLE IF EXISTS `tbl_coupons`;
/*!40101 SET @saved_cs_client     = @@character_set_client */;
/*!40101 SET character_set_client = utf8 */;
CREATE TABLE `tbl_coupons` (
  `id` int(11) NOT NULL AUTO_INCREMENT,
  `coupon` varchar(32) NOT NULL,
  `discount` int(11) NOT NULL DEFAULT '0',
  PRIMARY KEY (`id`),
  UNIQUE KEY `coupon` (`coupon`)
) ENGINE=InnoDB AUTO_INCREMENT=8 DEFAULT CHARSET=utf8;
/*!40101 SET character_set_client = @saved_cs_client */;

--
-- Dumping data for table `tbl_coupons`
--

LOCK TABLES `tbl_coupons` WRITE;
/*!40000 ALTER TABLE `tbl_coupons` DISABLE KEYS */;
INSERT INTO `tbl_coupons` VALUES (1,'MONDAY',10),(2,'TUESDAY',20),(3,'WEDNESDAY',30),(4,'THURSDAY',40),(5,'FRIDAY',50),(6,'SATURDAY',60),(7,'SUNDAY',70);
/*!40000 ALTER TABLE `tbl_coupons` ENABLE KEYS */;
UNLOCK TABLES;

--
-- Table structure for table `tbl_currency_types`
--

DROP TABLE IF EXISTS `tbl_currency_types`;
/*!40101 SET @saved_cs_client     = @@character_set_client */;
/*!40101 SET character_set_client = utf8 */;
CREATE TABLE `tbl_currency_types` (
  `CID` int(11) NOT NULL AUTO_INCREMENT,
  `Name` varchar(30) DEFAULT NULL,
  `code` varchar(7) DEFAULT NULL,
  `currency_value` float DEFAULT NULL,
  `where2show` int(11) DEFAULT NULL,
  `sort_order` int(11) DEFAULT '0',
  `currency_iso_3` char(3) DEFAULT NULL,
  PRIMARY KEY (`CID`)
) ENGINE=InnoDB AUTO_INCREMENT=2 DEFAULT CHARSET=utf8;
/*!40101 SET character_set_client = @saved_cs_client */;

--
-- Dumping data for table `tbl_currency_types`
--

LOCK TABLES `tbl_currency_types` WRITE;
/*!40000 ALTER TABLE `tbl_currency_types` DISABLE KEYS */;
/*!40000 ALTER TABLE `tbl_currency_types` ENABLE KEYS */;
UNLOCK TABLES;

--
-- Table structure for table `tbl_customer_address`
--

DROP TABLE IF EXISTS `tbl_customer_address`;
/*!40101 SET @saved_cs_client     = @@character_set_client */;
/*!40101 SET character_set_client = utf8 */;
CREATE TABLE `tbl_customer_address` (
  `id` int(11) NOT NULL AUTO_INCREMENT,
  `full_name` varchar(60) DEFAULT NULL,
  `address_line_1` varchar(60) DEFAULT NULL,
  `address_line_2` varchar(60) DEFAULT NULL,
  `city` varchar(60) DEFAULT NULL,
  `region` varchar(60) DEFAULT NULL,
  `zip` varchar(60) DEFAULT NULL,
  `country_id` varchar(60) DEFAULT NULL,
  `phone` varchar(60) DEFAULT NULL,
  `customer_id` int(11) DEFAULT NULL,
  PRIMARY KEY (`id`)
) ENGINE=InnoDB AUTO_INCREMENT=2 DEFAULT CHARSET=utf8;
/*!40101 SET character_set_client = @saved_cs_client */;

--
-- Dumping data for table `tbl_customer_address`
--

LOCK TABLES `tbl_customer_address` WRITE;
/*!40000 ALTER TABLE `tbl_customer_address` DISABLE KEYS */;
INSERT INTO `tbl_customer_address` VALUES (1,'Santiago','fsdf','sdfs','sdfsdf','445','45345','EN','fdf',2);
/*!40000 ALTER TABLE `tbl_customer_address` ENABLE KEYS */;
UNLOCK TABLES;

--
-- Table structure for table `tbl_customers`
--

DROP TABLE IF EXISTS `tbl_customers`;
/*!40101 SET @saved_cs_client     = @@character_set_client */;
/*!40101 SET character_set_client = utf8 */;
CREATE TABLE `tbl_customers` (
  `custID` int(11) NOT NULL AUTO_INCREMENT,
  `cust_password` varchar(255) DEFAULT NULL,
  `cust_email` varchar(130) DEFAULT NULL,
  `cust_firstname` varchar(30) DEFAULT NULL,
  `cust_lastname` varchar(30) DEFAULT NULL,
  `cust_country` varchar(30) DEFAULT NULL,
  `cust_zip` varchar(30) DEFAULT NULL,
  `cust_city` varchar(230) DEFAULT NULL,
  `cust_address` varchar(200) DEFAULT NULL,
  `cust_phone` varchar(30) DEFAULT NULL,
  `openID` varchar(20) DEFAULT NULL,
  `provider` varchar(30) DEFAULT NULL,
  `date` timestamp NOT NULL DEFAULT CURRENT_TIMESTAMP,
  PRIMARY KEY (`custID`)
) ENGINE=InnoDB DEFAULT CHARSET=utf8;
/*!40101 SET character_set_client = @saved_cs_client */;

--
-- Dumping data for table `tbl_customers`
--

LOCK TABLES `tbl_customers` WRITE;
/*!40000 ALTER TABLE `tbl_customers` DISABLE KEYS */;
/*!40000 ALTER TABLE `tbl_customers` ENABLE KEYS */;
UNLOCK TABLES;

--
-- Table structure for table `tbl_enquiries`
--

DROP TABLE IF EXISTS `tbl_enquiries`;
/*!40101 SET @saved_cs_client     = @@character_set_client */;
/*!40101 SET character_set_client = utf8 */;
CREATE TABLE `tbl_enquiries` (
  `id` int(11) NOT NULL AUTO_INCREMENT,
  `created_by` mediumint(8) unsigned NOT NULL,
  `assigned_to` mediumint(8) unsigned DEFAULT NULL,
  `title` varchar(255) NOT NULL,
  `description` text NOT NULL,
  `status` varchar(16) NOT NULL DEFAULT 'new',
  `created_on` datetime DEFAULT NULL,
  `updated_on` timestamp NULL DEFAULT NULL,
  PRIMARY KEY (`id`),
  KEY `created_by` (`created_by`),
  KEY `assigned_to` (`assigned_to`),
  CONSTRAINT `tbl_enquiries_ibfk_2` FOREIGN KEY (`assigned_to`) REFERENCES `tbl_users` (`id`) ON DELETE SET NULL ON UPDATE CASCADE,
  CONSTRAINT `tbl_enquiries_ibfk_1` FOREIGN KEY (`created_by`) REFERENCES `tbl_users` (`id`) ON DELETE CASCADE ON UPDATE CASCADE
) ENGINE=InnoDB AUTO_INCREMENT=3 DEFAULT CHARSET=utf8;
/*!40101 SET character_set_client = @saved_cs_client */;

--
-- Dumping data for table `tbl_enquiries`
--

LOCK TABLES `tbl_enquiries` WRITE;
/*!40000 ALTER TABLE `tbl_enquiries` DISABLE KEYS */;
INSERT INTO `tbl_enquiries` VALUES (1,1,NULL,'Please help me, I have broken my account.','It\'s very bad!','new','2014-09-04 14:25:25','2014-09-04 13:25:25'),(2,1,NULL,'What the bad guys you are?','I\'m just a bad-tempered man.','rejected','2014-09-04 14:34:02','2014-09-04 13:34:02');
/*!40000 ALTER TABLE `tbl_enquiries` ENABLE KEYS */;
UNLOCK TABLES;

--
-- Table structure for table `tbl_enquiry_messages`
--

DROP TABLE IF EXISTS `tbl_enquiry_messages`;
/*!40101 SET @saved_cs_client     = @@character_set_client */;
/*!40101 SET character_set_client = utf8 */;
CREATE TABLE `tbl_enquiry_messages` (
  `id` int(11) NOT NULL AUTO_INCREMENT,
  `enquiry_id` int(11) NOT NULL,
  `author_id` mediumint(8) unsigned DEFAULT NULL,
  `message` text NOT NULL,
  `created_on` datetime NOT NULL,
  `updated_on` timestamp NOT NULL DEFAULT CURRENT_TIMESTAMP ON UPDATE CURRENT_TIMESTAMP,
  PRIMARY KEY (`id`),
  KEY `author_id` (`author_id`),
  KEY `enquiry_id` (`enquiry_id`),
  CONSTRAINT `tbl_enquiry_messages_ibfk_2` FOREIGN KEY (`enquiry_id`) REFERENCES `tbl_enquiries` (`id`) ON DELETE CASCADE,
  CONSTRAINT `tbl_enquiry_messages_ibfk_1` FOREIGN KEY (`author_id`) REFERENCES `tbl_users` (`id`) ON DELETE SET NULL
) ENGINE=InnoDB AUTO_INCREMENT=12 DEFAULT CHARSET=utf8;
/*!40101 SET character_set_client = @saved_cs_client */;

--
-- Dumping data for table `tbl_enquiry_messages`
--

LOCK TABLES `tbl_enquiry_messages` WRITE;
/*!40000 ALTER TABLE `tbl_enquiry_messages` DISABLE KEYS */;
INSERT INTO `tbl_enquiry_messages` VALUES (1,1,1,'Man, I really need a help.','2014-09-04 14:25:50','2014-09-04 13:25:50'),(2,1,2,'Just relax, I\'ll help you','2014-09-04 14:28:50','2014-09-04 13:28:50'),(10,1,1,'Oh, it would be very, very good!','2014-09-04 14:33:04','2014-09-04 13:33:04'),(11,2,2,'We don\'t help such people.','2014-09-04 14:34:46','2014-09-04 16:35:13');
/*!40000 ALTER TABLE `tbl_enquiry_messages` ENABLE KEYS */;
UNLOCK TABLES;

--
-- Table structure for table `tbl_faq`
--

DROP TABLE IF EXISTS `tbl_faq`;
/*!40101 SET @saved_cs_client     = @@character_set_client */;
/*!40101 SET character_set_client = utf8 */;
CREATE TABLE `tbl_faq` (
  `faqID` int(11) NOT NULL AUTO_INCREMENT,
  `question` varchar(255) NOT NULL,
  `answer` text,
  `email` varchar(255) DEFAULT NULL,
  PRIMARY KEY (`faqID`)
) ENGINE=InnoDB AUTO_INCREMENT=7 DEFAULT CHARSET=utf8;
/*!40101 SET character_set_client = @saved_cs_client */;

--
-- Dumping data for table `tbl_faq`
--

LOCK TABLES `tbl_faq` WRITE;
/*!40000 ALTER TABLE `tbl_faq` DISABLE KEYS */;
INSERT INTO `tbl_faq` VALUES (1,'I want to return my purchase! What do I do?','If you are not 100% satisfied with your purchase from our site you can return your item(s) for a full refund within 365 days of purchase. (Returns must be unworn, in the state you received them, and in the original packaging.)\r\n\r\nDid you know that returning merchandise is easy and informative, not to mention, can be fun? Check out this returns video for a sneak peek into some of our custom conference rooms.\r\n\r\nMake sure the merchandise is in its original packaging, (e.g., shoebox), and place it in a shipping box.  Attach the label to the sealed box.  Be sure to cover any old labels with the new one, or just peel them off.  A black marker can also be used to cover any existing bar codes.\r\n\r\nYou may drop off your return at any authorized UPS shipping location, but please do not drop your return off at a drop box.  To find the nearest authorized shipping location, please visit www.ups.com.\r\n\r\nIt may take 4-5 business days for your return to reach the Hackazon Centers. Once it is received and inspected (usually within 72 hours of receipt) your refund will be processed and automatically applied to your credit card or original method of payment within 7 days. Please note that depending on your credit card company, it may take an additional 2-10 business days after your credit is applied for it to post to your account.',NULL),(2,'Do you accept international credit cards?','Currently Hackazon can accept international credit cards but we can only ship to an address within the United States and its territories. Please note that the credit card must be issued and contain a logo from either Visa, Mastercard, Discover, or American Express.',NULL),(3,'What can cause my order to be delayed?','1. If the billing information you provided does not match what your bank has on file (including address and telephone number), your order may be delayed.\r\n\r\n2. We all love sending gifts to others and ourselves as much as we love receiving them. However, if you are shipping to an address other than your billing address, your order may be delayed.',NULL),(4,'fsdfsdf','Processing...','sdfsdf@h\' union select 1;--#'),(5,'select @@version','Processing...','santia@h.com'),(6,'xcv','Processing...','sf@hotmail.com');
/*!40000 ALTER TABLE `tbl_faq` ENABLE KEYS */;
UNLOCK TABLES;

--
-- Table structure for table `tbl_files`
--

DROP TABLE IF EXISTS `tbl_files`;
/*!40101 SET @saved_cs_client     = @@character_set_client */;
/*!40101 SET character_set_client = utf8 */;
CREATE TABLE `tbl_files` (
  `id` int(11) NOT NULL AUTO_INCREMENT,
  `user_id` mediumint(8) unsigned DEFAULT NULL,
  `path` varchar(255) NOT NULL,
  PRIMARY KEY (`id`),
  KEY `user_id` (`user_id`),
  CONSTRAINT `tbl_files_ibfk_1` FOREIGN KEY (`user_id`) REFERENCES `tbl_users` (`id`) ON DELETE SET NULL
) ENGINE=InnoDB DEFAULT CHARSET=utf8;
/*!40101 SET character_set_client = @saved_cs_client */;

--
-- Dumping data for table `tbl_files`
--

LOCK TABLES `tbl_files` WRITE;
/*!40000 ALTER TABLE `tbl_files` DISABLE KEYS */;
/*!40000 ALTER TABLE `tbl_files` ENABLE KEYS */;
UNLOCK TABLES;

--
-- Table structure for table `tbl_manager`
--

DROP TABLE IF EXISTS `tbl_manager`;
/*!40101 SET @saved_cs_client     = @@character_set_client */;
/*!40101 SET character_set_client = utf8 */;
CREATE TABLE `tbl_manager` (
  `ID` int(11) NOT NULL AUTO_INCREMENT,
  `manager` varchar(255) DEFAULT NULL,
  `password` varchar(255) DEFAULT NULL,
  `access` int(11) DEFAULT NULL,
  `email` varchar(255) DEFAULT NULL,
  `online_type` int(11) DEFAULT NULL,
  `online_num` varchar(255) DEFAULT NULL,
  `online_name` varchar(255) DEFAULT NULL,
  PRIMARY KEY (`ID`)
) ENGINE=InnoDB DEFAULT CHARSET=utf8;
/*!40101 SET character_set_client = @saved_cs_client */;

--
-- Dumping data for table `tbl_manager`
--

LOCK TABLES `tbl_manager` WRITE;
/*!40000 ALTER TABLE `tbl_manager` DISABLE KEYS */;
/*!40000 ALTER TABLE `tbl_manager` ENABLE KEYS */;
UNLOCK TABLES;

--
-- Table structure for table `tbl_news`
--

DROP TABLE IF EXISTS `tbl_news`;
/*!40101 SET @saved_cs_client     = @@character_set_client */;
/*!40101 SET character_set_client = utf8 */;
CREATE TABLE `tbl_news` (
  `id` int(11) NOT NULL AUTO_INCREMENT,
  `date` date NOT NULL,
  `title` varchar(255) DEFAULT NULL,
  `text` text,
  `brief` text,
  `Pict` varchar(50) DEFAULT NULL,
  `enable` int(11) DEFAULT NULL,
  `meta_title` varchar(255) DEFAULT NULL,
  `meta_keywords` varchar(255) DEFAULT NULL,
  `meta_desc` varchar(255) DEFAULT NULL,
  `hurl` varchar(255) DEFAULT NULL,
  `canonical` varchar(255) DEFAULT NULL,
  PRIMARY KEY (`id`)
) ENGINE=InnoDB AUTO_INCREMENT=3 DEFAULT CHARSET=utf8;
/*!40101 SET character_set_client = @saved_cs_client */;

--
-- Dumping data for table `tbl_news`
--

LOCK TABLES `tbl_news` WRITE;
/*!40000 ALTER TABLE `tbl_news` DISABLE KEYS */;
/*!40000 ALTER TABLE `tbl_news` ENABLE KEYS */;
UNLOCK TABLES;

--
-- Table structure for table `tbl_order_address`
--

DROP TABLE IF EXISTS `tbl_order_address`;
/*!40101 SET @saved_cs_client     = @@character_set_client */;
/*!40101 SET character_set_client = utf8 */;
CREATE TABLE `tbl_order_address` (
  `id` int(11) NOT NULL AUTO_INCREMENT,
  `full_name` varchar(60) DEFAULT NULL,
  `address_line_1` varchar(60) DEFAULT NULL,
  `address_line_2` varchar(60) DEFAULT NULL,
  `city` varchar(60) DEFAULT NULL,
  `region` varchar(60) DEFAULT NULL,
  `zip` varchar(60) DEFAULT NULL,
  `country_id` varchar(60) DEFAULT NULL,
  `phone` varchar(60) DEFAULT NULL,
  `customer_id` int(11) DEFAULT NULL,
  `address_type` varchar(20) DEFAULT NULL,
  `order_id` int(11) unsigned DEFAULT NULL,
  PRIMARY KEY (`id`),
  KEY `FK_ORDER_ID` (`order_id`),
  CONSTRAINT `FK_ORDER_ID` FOREIGN KEY (`order_id`) REFERENCES `tbl_orders` (`id`) ON DELETE CASCADE ON UPDATE CASCADE
) ENGINE=InnoDB AUTO_INCREMENT=23 DEFAULT CHARSET=utf8;
/*!40101 SET character_set_client = @saved_cs_client */;

--
-- Dumping data for table `tbl_order_address`
--

LOCK TABLES `tbl_order_address` WRITE;
/*!40000 ALTER TABLE `tbl_order_address` DISABLE KEYS */;
INSERT INTO `tbl_order_address` VALUES (13,'Vasya Petrov','Star street, 666','','Inkograd','Buryatia','666666','RU','',2,'shipping',7),(14,'Vasya Petrov','Star street, 666','','Inkograd','Buryatia','666666','RU','',2,'billing',7),(15,'Nikita','Minnaya, 10','','Moskow','Moscow','123456','RU','',1,'shipping',8),(16,'Nikita','Minnaya, 10','','Moskow','Moscow','123456','RU','',1,'billing',8),(17,'Nikita','Minnaya, 10','','Moskow','Moscow','123456','RU','',1,'shipping',9),(18,'Nikita','Minnaya, 10','','Moskow','Moscow','123456','RU','',1,'billing',9),(19,'Nikita','Minnaya, 10','','Moskow','Moscow','123456','RU','',1,'shipping',10),(20,'Nikita','Minnaya, 10','','Moskow','Moscow','123456','RU','',1,'billing',10),(21,'Santiago','fsdf','sdfs','sdfsdf','445','45345','EN','fdf',2,'shipping',11),(22,'Santiago','fsdf','sdfs','sdfsdf','445','45345','EN','fdf',2,'billing',11);
/*!40000 ALTER TABLE `tbl_order_address` ENABLE KEYS */;
UNLOCK TABLES;

--
-- Table structure for table `tbl_order_items`
--

DROP TABLE IF EXISTS `tbl_order_items`;
/*!40101 SET @saved_cs_client     = @@character_set_client */;
/*!40101 SET character_set_client = utf8 */;
CREATE TABLE `tbl_order_items` (
  `id` int(10) unsigned NOT NULL AUTO_INCREMENT,
  `cart_id` int(10) unsigned NOT NULL DEFAULT '0',
  `created_at` timestamp NOT NULL DEFAULT '0000-00-00 00:00:00',
  `updated_at` timestamp NOT NULL DEFAULT CURRENT_TIMESTAMP ON UPDATE CURRENT_TIMESTAMP,
  `product_id` int(10) unsigned DEFAULT NULL,
  `name` varchar(255) DEFAULT NULL,
  `qty` int(10) unsigned DEFAULT '0',
  `price` decimal(12,4) DEFAULT '0.0000',
  `order_id` int(11) NOT NULL,
  PRIMARY KEY (`id`)
) ENGINE=InnoDB AUTO_INCREMENT=39 DEFAULT CHARSET=utf8;
/*!40101 SET character_set_client = @saved_cs_client */;

--
-- Dumping data for table `tbl_order_items`
--

LOCK TABLES `tbl_order_items` WRITE;
/*!40000 ALTER TABLE `tbl_order_items` DISABLE KEYS */;
INSERT INTO `tbl_order_items` VALUES (1,1,'2014-08-22 04:57:52','2014-08-22 07:57:52',1,'Toyota Land Cruiser 100',1,70000.0000,1),(2,1,'2014-08-22 04:57:59','2014-08-22 07:57:59',1,'Toyota Land Cruiser 100',1,70000.0000,2),(3,3,'2014-08-22 10:00:42','2014-08-22 13:00:42',81,'Monsters inc.',3,14.4900,3),(4,3,'2014-08-22 10:00:42','2014-08-22 13:00:42',1,'Toyota Land Cruiser 100',1,70000.0000,3),(5,3,'2014-08-22 10:00:42','2014-08-22 13:00:42',72,'South Park',1,12.0000,3),(6,3,'2014-08-22 10:00:42','2014-08-22 13:00:42',110,'Harry Potter book #1',1,5.0000,3),(7,3,'2014-08-22 10:00:42','2014-08-22 13:00:42',101,'IBM ThinkPad T30 2366-89G',1,3170.0000,3),(8,3,'2014-08-22 10:00:43','2014-08-22 13:00:43',81,'Monsters inc.',3,14.4900,4),(9,3,'2014-08-22 10:00:43','2014-08-22 13:00:43',1,'Toyota Land Cruiser 100',1,70000.0000,4),(10,3,'2014-08-22 10:00:43','2014-08-22 13:00:43',72,'South Park',1,12.0000,4),(11,3,'2014-08-22 10:00:43','2014-08-22 13:00:43',110,'Harry Potter book #1',1,5.0000,4),(12,3,'2014-08-22 10:00:43','2014-08-22 13:00:43',101,'IBM ThinkPad T30 2366-89G',1,3170.0000,4),(13,4,'2014-08-22 10:02:57','2014-08-22 13:02:57',17,'Nokia 9210',2,803.0000,5),(14,4,'2014-08-22 10:02:57','2014-08-22 13:02:57',32,'BURTON Cruzer',1,345.0000,5),(15,4,'2014-08-22 10:02:57','2014-08-22 13:02:57',106,'Samsung CD Yepp MCD-SM60',5,165.0000,5),(16,4,'2014-08-22 10:03:07','2014-08-22 13:03:07',17,'Nokia 9210',2,803.0000,6),(17,4,'2014-08-22 10:03:07','2014-08-22 13:03:07',32,'BURTON Cruzer',1,345.0000,6),(18,4,'2014-08-22 10:03:07','2014-08-22 13:03:07',106,'Samsung CD Yepp MCD-SM60',5,165.0000,6),(19,2,'2014-09-15 16:41:25','2014-09-15 19:41:25',1,'\r\nMartha Stewart Crafts Garland, Pink Pom Pom Small\r\n',3,9.0000,7),(20,2,'2014-09-15 16:41:25','2014-09-15 19:41:25',2,'\r\nMartha Stewart Crafts Modern Festive Pennant Garland, 12ft\r\n',1,5.6000,7),(21,2,'2014-09-15 16:41:25','2014-09-15 19:41:25',186,'\r\nCrazy Taxi\r\n',1,4.9900,7),(22,3,'2014-09-15 16:44:33','2014-09-15 19:44:33',1,'\r\nMartha Stewart Crafts Garland, Pink Pom Pom Small\r\n',2,9.0000,8),(23,3,'2014-09-15 16:44:33','2014-09-15 19:44:33',81,'\r\nNative Forest Organic Classic Coconut Milk, 13.5-Ounce Cans (Pack of 12)\r\n',3,30.0000,8),(24,3,'2014-09-15 16:44:33','2014-09-15 19:44:33',97,'\r\nFrench Toast Girls Ribbon Jumper\r\n',1,15.0000,8),(25,3,'2014-09-15 16:44:33','2014-09-15 19:44:33',101,'\r\nDiesel Men\'s Sleenker Skinny-Leg Jean 0608D\r\n',1,238.0000,8),(26,3,'2014-09-15 16:44:33','2014-09-15 19:44:33',74,'\r\nGold Bond Men\'s Everyday Essentials Lotion, 14.5 Ounce\r\n',1,8.0000,8),(27,3,'2014-09-15 16:44:33','2014-09-15 19:44:33',173,'\r\nNFL Clean Up Adjustable Hat, One Size Fits All Fits All\r\n',1,15.0000,8),(28,3,'2014-09-15 16:44:33','2014-09-15 19:44:33',202,'\r\nAmerican Pickers\r\n',1,0.9900,8),(29,3,'2014-09-15 16:44:33','2014-09-15 19:44:33',153,'\r\nMustache Party Food and Cupcake Picks - 25 ct\r\n',1,5.0000,8),(30,3,'2014-09-15 16:44:33','2014-09-15 19:44:33',146,'\r\nNEST Fragrances NEST08-BM Bamboo Scented Reed Diffuser\r\n',1,38.0000,8),(31,3,'2014-09-15 16:44:33','2014-09-15 19:44:33',28,'\r\nDuracell DRPP300 Powerpack 300-Watt Jump Starter and Emergency Power Source\r\n',3,102.5900,8),(32,3,'2014-09-15 16:44:33','2014-09-15 19:44:33',156,'\r\nHigh Cotton Doormat, Open Policy Wine\r\n',1,24.0000,8),(33,3,'2014-09-15 16:44:33','2014-09-15 19:44:33',163,'\r\nUnder Armour Men\'s HeatGear® Sonic Compression Short Sleeve\r\n',1,25.0000,8),(34,4,'2014-09-15 16:44:54','2014-09-15 19:44:54',130,'\r\nBrother Printer MFC7360N Monochrome Printer with Scanner, Copier & Fax and built in Networking\r\n',1,130.0000,9),(35,5,'2014-09-15 16:45:16','2014-09-15 19:45:16',81,'\r\nNative Forest Organic Classic Coconut Milk, 13.5-Ounce Cans (Pack of 12)\r\n',1,30.0000,10),(36,5,'2014-09-15 16:45:16','2014-09-15 19:45:16',32,'\r\nBlack & Decker PPRH5B Professional Power Station\r\n',3,113.6700,10),(37,5,'2014-09-15 16:45:16','2014-09-15 19:45:16',196,'\r\nTest Fire TV\r\n',1,99.0000,10),(38,0,'2015-07-10 21:45:08','2015-07-10 21:45:08',64,'\r\nMolton Brown Indian Cress Purifying Shampoo, 10 fl. oz.\r\n',1,30.0000,11);
/*!40000 ALTER TABLE `tbl_order_items` ENABLE KEYS */;
UNLOCK TABLES;

--
-- Table structure for table `tbl_order_status`
--

DROP TABLE IF EXISTS `tbl_order_status`;
/*!40101 SET @saved_cs_client     = @@character_set_client */;
/*!40101 SET character_set_client = utf8 */;
CREATE TABLE `tbl_order_status` (
  `statusID` int(11) NOT NULL AUTO_INCREMENT,
  `status_name` varchar(90) DEFAULT NULL,
  `sort_order` int(11) DEFAULT NULL,
  PRIMARY KEY (`statusID`)
) ENGINE=InnoDB DEFAULT CHARSET=utf8;
/*!40101 SET character_set_client = @saved_cs_client */;

--
-- Dumping data for table `tbl_order_status`
--

LOCK TABLES `tbl_order_status` WRITE;
/*!40000 ALTER TABLE `tbl_order_status` DISABLE KEYS */;
/*!40000 ALTER TABLE `tbl_order_status` ENABLE KEYS */;
UNLOCK TABLES;

--
-- Table structure for table `tbl_orders`
--

DROP TABLE IF EXISTS `tbl_orders`;
/*!40101 SET @saved_cs_client     = @@character_set_client */;
/*!40101 SET character_set_client = utf8 */;
CREATE TABLE `tbl_orders` (
  `id` int(11) unsigned NOT NULL AUTO_INCREMENT,
  `created_at` timestamp NOT NULL DEFAULT '0000-00-00 00:00:00',
  `updated_at` timestamp NOT NULL DEFAULT CURRENT_TIMESTAMP ON UPDATE CURRENT_TIMESTAMP,
  `customer_firstname` varchar(60) DEFAULT NULL,
  `customer_lastname` varchar(60) DEFAULT NULL,
  `customer_email` varchar(255) DEFAULT NULL,
  `status` varchar(60) NOT NULL DEFAULT '0',
  `comment` text,
  `customer_id` int(11) DEFAULT NULL,
  `payment_method` varchar(20) DEFAULT NULL,
  `shipping_method` varchar(20) DEFAULT NULL,
  `coupon_id` int(11) DEFAULT NULL,
  `discount` int(11) NOT NULL DEFAULT '0',
  PRIMARY KEY (`id`),
  KEY `coupon_id` (`coupon_id`),
  CONSTRAINT `tbl_orders_ibfk_1` FOREIGN KEY (`coupon_id`) REFERENCES `tbl_coupons` (`id`)
) ENGINE=InnoDB AUTO_INCREMENT=12 DEFAULT CHARSET=utf8;
/*!40101 SET character_set_client = @saved_cs_client */;

--
-- Dumping data for table `tbl_orders`
--

LOCK TABLES `tbl_orders` WRITE;
/*!40000 ALTER TABLE `tbl_orders` DISABLE KEYS */;
INSERT INTO `tbl_orders` VALUES (7,'2014-09-11 06:21:25','2014-09-15 19:41:25','admin',NULL,'admin@hackazon.com','complete',NULL,2,'wire transfer','mail',NULL,0),(8,'2014-05-15 21:44:33','2014-09-15 19:44:33','test_user',NULL,'test_user@example.com','complete',NULL,1,'paypal','express',NULL,0),(9,'2014-09-15 16:44:54','2014-09-15 19:44:54','test_user',NULL,'test_user@example.com','complete',NULL,1,'wire transfer','mail',NULL,0),(10,'2014-09-15 16:45:16','2014-09-15 19:45:16','test_user',NULL,'test_user@example.com','complete',NULL,1,'wire transfer','mail',NULL,0),(11,'2015-07-10 21:45:08','2015-07-10 21:45:08','admin',NULL,'admin@hackazon.com','complete',NULL,2,'wire transfer','mail',NULL,0);
/*!40000 ALTER TABLE `tbl_orders` ENABLE KEYS */;
UNLOCK TABLES;

--
-- Table structure for table `tbl_payment`
--

DROP TABLE IF EXISTS `tbl_payment`;
/*!40101 SET @saved_cs_client     = @@character_set_client */;
/*!40101 SET character_set_client = utf8 */;
CREATE TABLE `tbl_payment` (
  `payID` int(11) NOT NULL AUTO_INCREMENT,
  `type` varchar(255) DEFAULT NULL,
  `enabled` tinyint(1) DEFAULT NULL,
  PRIMARY KEY (`payID`)
) ENGINE=InnoDB DEFAULT CHARSET=utf8;
/*!40101 SET character_set_client = @saved_cs_client */;

--
-- Dumping data for table `tbl_payment`
--

LOCK TABLES `tbl_payment` WRITE;
/*!40000 ALTER TABLE `tbl_payment` DISABLE KEYS */;
/*!40000 ALTER TABLE `tbl_payment` ENABLE KEYS */;
UNLOCK TABLES;

--
-- Table structure for table `tbl_payoption`
--

DROP TABLE IF EXISTS `tbl_payoption`;
/*!40101 SET @saved_cs_client     = @@character_set_client */;
/*!40101 SET character_set_client = utf8 */;
CREATE TABLE `tbl_payoption` (
  `id` int(11) NOT NULL AUTO_INCREMENT,
  `payID` int(11) DEFAULT NULL,
  `payoption` varchar(255) DEFAULT NULL,
  `payvalue` varchar(255) DEFAULT NULL,
  PRIMARY KEY (`id`)
) ENGINE=InnoDB DEFAULT CHARSET=utf8;
/*!40101 SET character_set_client = @saved_cs_client */;

--
-- Dumping data for table `tbl_payoption`
--

LOCK TABLES `tbl_payoption` WRITE;
/*!40000 ALTER TABLE `tbl_payoption` DISABLE KEYS */;
/*!40000 ALTER TABLE `tbl_payoption` ENABLE KEYS */;
UNLOCK TABLES;

--
-- Table structure for table `tbl_product_options`
--

DROP TABLE IF EXISTS `tbl_product_options`;
/*!40101 SET @saved_cs_client     = @@character_set_client */;
/*!40101 SET character_set_client = utf8 */;
CREATE TABLE `tbl_product_options` (
  `optionID` int(11) NOT NULL AUTO_INCREMENT,
  `name` varchar(50) DEFAULT NULL,
  `sort_order` int(11) DEFAULT '0',
  PRIMARY KEY (`optionID`)
) ENGINE=InnoDB AUTO_INCREMENT=4 DEFAULT CHARSET=utf8;
/*!40101 SET character_set_client = @saved_cs_client */;

--
-- Dumping data for table `tbl_product_options`
--

LOCK TABLES `tbl_product_options` WRITE;
/*!40000 ALTER TABLE `tbl_product_options` DISABLE KEYS */;
INSERT INTO `tbl_product_options` VALUES (1,'Color',0),(2,'Brand',0),(3,'Quality',0);
/*!40000 ALTER TABLE `tbl_product_options` ENABLE KEYS */;
UNLOCK TABLES;

--
-- Table structure for table `tbl_product_options_values`
--

DROP TABLE IF EXISTS `tbl_product_options_values`;
/*!40101 SET @saved_cs_client     = @@character_set_client */;
/*!40101 SET character_set_client = utf8 */;
CREATE TABLE `tbl_product_options_values` (
  `ID` int(11) NOT NULL AUTO_INCREMENT,
  `productID` int(11) NOT NULL,
  `variantID` int(11) NOT NULL,
  `price_surplus` float NOT NULL DEFAULT '0',
  `default` int(11) NOT NULL DEFAULT '0',
  `picture` varchar(255) DEFAULT NULL,
  `count` int(11) DEFAULT NULL,
  PRIMARY KEY (`ID`),
  UNIQUE KEY `productID_variantID` (`productID`,`variantID`),
  KEY `productID` (`productID`),
  KEY `variantID` (`variantID`),
  CONSTRAINT `tbl_product_options_values_ibfk_2` FOREIGN KEY (`variantID`) REFERENCES `tbl_products_opt_val_variants` (`variantID`) ON DELETE CASCADE ON UPDATE CASCADE,
  CONSTRAINT `tbl_product_options_values_ibfk_1` FOREIGN KEY (`productID`) REFERENCES `tbl_products` (`productID`) ON DELETE CASCADE ON UPDATE CASCADE
) ENGINE=InnoDB AUTO_INCREMENT=23 DEFAULT CHARSET=utf8;
/*!40101 SET character_set_client = @saved_cs_client */;

--
-- Dumping data for table `tbl_product_options_values`
--

LOCK TABLES `tbl_product_options_values` WRITE;
/*!40000 ALTER TABLE `tbl_product_options_values` DISABLE KEYS */;
INSERT INTO `tbl_product_options_values` VALUES (1,7,1,0,0,NULL,NULL),(2,141,7,0,0,NULL,NULL),(3,7,9,0,0,NULL,NULL),(4,68,2,0,0,NULL,NULL),(5,172,6,0,0,NULL,NULL),(6,172,11,0,0,NULL,NULL),(7,72,4,0,0,NULL,NULL),(8,121,5,0,0,NULL,NULL),(9,72,10,0,0,NULL,NULL),(10,120,5,0,0,NULL,NULL),(11,128,5,0,0,NULL,NULL),(12,181,6,0,0,NULL,NULL),(13,188,6,0,0,NULL,NULL),(14,142,7,0,0,NULL,NULL),(15,143,7,0,0,NULL,NULL),(16,190,8,0,0,NULL,NULL),(17,210,8,0,0,NULL,NULL),(18,202,8,0,0,NULL,NULL),(19,203,8,0,0,NULL,NULL),(20,204,8,0,0,NULL,NULL),(21,205,8,0,0,NULL,NULL),(22,206,8,0,0,NULL,NULL);
/*!40000 ALTER TABLE `tbl_product_options_values` ENABLE KEYS */;
UNLOCK TABLES;

--
-- Table structure for table `tbl_products`
--

DROP TABLE IF EXISTS `tbl_products`;
/*!40101 SET @saved_cs_client     = @@character_set_client */;
/*!40101 SET character_set_client = utf8 */;
CREATE TABLE `tbl_products` (
  `productID` int(11) NOT NULL AUTO_INCREMENT,
  `categoryID` int(11) DEFAULT NULL,
  `name` varchar(255) DEFAULT NULL,
  `description` longtext,
  `customers_rating` float NOT NULL,
  `Price` float DEFAULT NULL,
  `picture` varchar(255) DEFAULT NULL,
  `in_stock` int(11) DEFAULT NULL,
  `thumbnail` varchar(255) DEFAULT NULL,
  `customer_votes` int(11) NOT NULL,
  `items_sold` int(11) NOT NULL,
  `big_picture` varchar(255) DEFAULT NULL,
  `enabled` int(11) NOT NULL,
  `brief_description` longtext,
  `list_price` float DEFAULT NULL,
  `product_code` char(25) DEFAULT NULL,
  `hurl` varchar(255) DEFAULT NULL,
  `accompanyID` varchar(150) DEFAULT NULL,
  `brandID` int(11) DEFAULT NULL,
  `meta_title` varchar(255) DEFAULT NULL,
  `meta_keywords` varchar(255) DEFAULT NULL,
  `meta_desc` varchar(255) DEFAULT NULL,
  `canonical` varchar(255) DEFAULT NULL,
  `h1` varchar(255) DEFAULT NULL,
  `yml` int(1) DEFAULT '1',
  `min_qunatity` int(11) DEFAULT '1',
  `managerID` int(11) DEFAULT NULL,
  PRIMARY KEY (`productID`)
) ENGINE=InnoDB AUTO_INCREMENT=211 DEFAULT CHARSET=utf8;
/*!40101 SET character_set_client = @saved_cs_client */;

--
-- Dumping data for table `tbl_products`
--

LOCK TABLES `tbl_products` WRITE;
/*!40000 ALTER TABLE `tbl_products` DISABLE KEYS */;
INSERT INTO `tbl_products` VALUES (1,3,'\r\nMartha Stewart Crafts Garland, Pink Pom Pom Small\r\n','\r\nFun, festive party decorative pop poms. Perfect for any occasion. Pre-cut pieces for easy assembly. Contains 2 pink pre-Strung 6-foot long garlands.\r\n',0,9,'Martha_Stewart_Crafts_Garland_Pink_Pom_Pom_Small_small_7054ab.jpg',NULL,NULL,0,0,'Martha_Stewart_Crafts_Garland_Pink_Pom_Pom_Small_big_0c12ef.jpg',0,NULL,NULL,NULL,NULL,NULL,NULL,NULL,NULL,NULL,NULL,NULL,1,1,NULL),(2,3,'\r\nMartha Stewart Crafts Modern Festive Pennant Garland, 12ft\r\n','\r\nDecorate for your party with this Modern Festive pennant garland from Martha Stewart Crafts. Polka dot, striped, green, and blue pennants Strung on a red and white twine come pre-assembled. Includes 20 pennants and 12 feet of twine.\r\n',0,5.6,'Martha_Stewart_Crafts_Modern_Festive_Pennant_Garland_12ft_small_5c8fb2.jpg',NULL,NULL,0,0,'Martha_Stewart_Crafts_Modern_Festive_Pennant_Garland_12ft_big_456d9d.jpg',0,NULL,NULL,NULL,NULL,NULL,NULL,NULL,NULL,NULL,NULL,NULL,1,1,NULL),(3,3,'\r\nMartha Stewart Crafts Pom Poms, Pink, 2 Sizes\r\n','\r\nFun, festive party decorative pop poms in two sizes. Includes 5 tissue paper pom poms, 5 wire sections and easy instructions. Makes 5 Pom Poms.\r\n',0,10,'Martha_Stewart_Crafts_Pom_Poms_Pink_2_Sizes_small_6ac600.jpg',NULL,NULL,0,0,'Martha_Stewart_Crafts_Pom_Poms_Pink_2_Sizes_big_dcd399.jpg',0,NULL,NULL,NULL,NULL,NULL,NULL,NULL,NULL,NULL,NULL,NULL,1,1,NULL),(4,3,'\r\nMartha Stewart Gift Card Box, White Eyelet\r\n','\r\nGift card box for guests to insert gift cards and envelopes. Easy to assemble and includes a printable label. Contains one gift card.\r\n',0,13,'Martha_Stewart_Gift_Card_Box_White_Eyelet_small_1414f6.jpg',NULL,NULL,0,0,'Martha_Stewart_Gift_Card_Box_White_Eyelet_big_5fe5f9.jpg',0,NULL,NULL,NULL,NULL,NULL,NULL,NULL,NULL,NULL,NULL,NULL,1,1,NULL),(5,3,'\r\nStrathmore Series 400 Sketch Pads 9 in. x 12 in. - pad of 100\r\n','\r\na general purpose, medium weight sketch paper intended for technique practices or quick studies with any dry media. This package contains one 12 by 9-inch side spiral-bound sketch book with 100 sheets of 60-pound acid free, lightly textured paper. Made in usa.\r\n',0,9.9,'Strathmore_Series_400_Sketch_Pads_9_in_x_12_in_pad_of_100_small_72564f.jpg',NULL,NULL,0,0,'Strathmore_Series_400_Sketch_Pads_9_in_x_12_in_pad_of_100_big_ad3ac4.jpg',0,NULL,NULL,NULL,NULL,NULL,NULL,NULL,NULL,NULL,NULL,NULL,1,1,NULL),(6,4,'\r\n100 Pcs Swarovski Crystal Rondelle Spacer Bead Silver Plated 8mm Crystal White (001)\r\n','\r\nMaterial: Silver-Plated\r\nQuantity: 100 pcs\r\nSize: 8 mm Hole Size : 2mm (NOT fit Pandora Bracelet)\r\n100 Pcs Swarovski Crystal Rondelle Spacer Bead 8mm\r\nColor: Crystal White (001)\r\n',0,2.25,'100_Pcs_Swarovski_Crystal_Rondelle_Spacer_Bead_Silver_Plated_8mm_small_dea5b7.jpg',NULL,NULL,0,0,'100_Pcs_Swarovski_Crystal_Rondelle_Spacer_Bead_Silver_Plated_8mm_big_0d437c.jpg',0,NULL,NULL,NULL,NULL,NULL,NULL,NULL,NULL,NULL,NULL,NULL,1,1,NULL),(7,4,'\r\n30pcs Tibetan Silver Butterfly Spacer Charm Beads 10mm ~Jewelry Findings~\r\n','\r\nThis item is for 30pcs of these lovely Tibetan Silver Butterfly charm spacer beads. Size are approx. 8mmX10mm. very amazing and charming.\r\n',0,1.6,'30pcs_Tibetan_Silver_Butterfly_Spacer_Charm_Beads_10mm_Jewelry_F_small_538109.jpg',NULL,NULL,0,0,'30pcs_Tibetan_Silver_Butterfly_Spacer_Charm_Beads_10mm_Jewelry_F_big_e77378.jpg',0,NULL,NULL,NULL,NULL,NULL,NULL,NULL,NULL,NULL,NULL,NULL,1,1,NULL),(8,4,'\r\nBeadnova 100 Pcs Gold Plated Crystal Rondelle Spacer Beads 10mm (#207 Montana)\r\n','\r\nMaterial: Lead Free Nickel Free Metal Gold Plated\r\nCrystal Color: #207 Montana\r\n',0,9.99,'Beadnova_100_Pcs_Gold_Plated_Crystal_Rondelle_Spacer_Beads_10mm__small_d754f0.jpg',NULL,NULL,0,0,'Beadnova_100_Pcs_Gold_Plated_Crystal_Rondelle_Spacer_Beads_10mm__big_f5f919.jpg',0,NULL,NULL,NULL,NULL,NULL,NULL,NULL,NULL,NULL,NULL,NULL,1,1,NULL),(9,4,'\r\nChange 3D Rhinestone Cute Owl Earring\r\n','\r\nGolden crystal diamond lovely owl earrings\r\nPackage Content: 1 Pair Earrings (Without Retail Packaging)\r\n',0,1.7,'Change_3D_Rhinestone_Cute_Owl_Earring_small_82913b.jpg',NULL,NULL,0,0,'Change_3D_Rhinestone_Cute_Owl_Earring_big_dc2d6e.jpg',0,NULL,NULL,NULL,NULL,NULL,NULL,NULL,NULL,NULL,NULL,NULL,1,1,NULL),(10,4,'\r\nSilver Infinity Anchor Love Charms Leather Rope Knit Wrap Bracelet White Black\r\n','\r\nPackage Include: 1pcs Bracelet (One Shipment will only send one ETSYG Small Bag Gift, Size: 8cm*14cm)\r\nColor: White, Black, Vintage Silver\r\nMaterial: Alloy, Leather, Rope; Weight: 20g/pcs\r\nStyle: Handmade, Love, Nautical Anchor, Infinite\r\nPendant Size: 2.5 ~ 3.5 cm; Length: 16CM + 4CM (Adjustable Chain)\r\n',0,1.99,'Silver_Infinity_Anchor_Love_Charms_Leather_Rope_Knit_Wrap_Bracel_small_b19579.jpg',NULL,NULL,0,0,'Silver_Infinity_Anchor_Love_Charms_Leather_Rope_Knit_Wrap_Bracel_big_e43f86.jpg',0,NULL,NULL,NULL,NULL,NULL,NULL,NULL,NULL,NULL,NULL,NULL,1,1,NULL),(11,5,'\r\nArt Advantage Oil and Acrylic Brush Set, 24-Piece\r\n','\r\nTwenty-four piece brush set\r\nFree canvas brush roll-up\r\nLong handle brushes\r\nSynthetic and natural bristle brushes\r\nPerfect for oil and acrylic paint\r\n',0,15,'Art_Advantage_Oil_and_Acrylic_Brush_Set_24_Piece_small_466f3d.jpg',NULL,NULL,0,0,'Art_Advantage_Oil_and_Acrylic_Brush_Set_24_Piece_big_c218a3.jpg',0,NULL,NULL,NULL,NULL,NULL,NULL,NULL,NULL,NULL,NULL,NULL,1,1,NULL),(12,5,'\r\nArt Advantage Wood Palette Value-Pack With Free Brushes and Knives\r\n','\r\nArt Advantage wood palette value pack. Oil finished wood oval palette with thumbhole, includes three free bristle brushes and two plastic palette knives.\r\n',0,8,'Art_Advantage_Wood_Palette_Value_Pack_With_Free_Brushes_and_Kniv_small_fc534c.jpg',NULL,NULL,0,0,'Art_Advantage_Wood_Palette_Value_Pack_With_Free_Brushes_and_Kniv_big_1ffaf4.jpg',0,NULL,NULL,NULL,NULL,NULL,NULL,NULL,NULL,NULL,NULL,NULL,1,1,NULL),(13,5,'\r\nDo A Dot Art Marker Brilliant 6-pack\r\n','\r\nParents like to encourage children in creative art activities, but sometimes painting projects can be a little overwhelming. (The bottles, the brushes, the inevitable spills, etc.) This handy-dandy art set provides six brilliant paint colors in sponge-tip bottles that serve as the paint applicators. Best of all, these paints are spill-proof, with no mess at all. Each 5-inch bottle contains 2.5 ounces of paint in pink, violet, teal, yellow, green, or brown. The sponge tip creates a neat dot of paint about .5 inches wide, and the paint dries quickly so colors can be layered. There\'s a wide range of creative possibilities here, including creating borders for school projects and using the paint markers for patterning activities that reinforce math concepts An art idea sheet is also included with the set. --Marcie Bovetz\r\n',0,15,'Do_A_Dot_Art_Marker_Brilliant_6_pack_small_0a36ba.jpg',NULL,NULL,0,0,'Do_A_Dot_Art_Marker_Brilliant_6_pack_big_678502.jpg',0,NULL,NULL,NULL,NULL,NULL,NULL,NULL,NULL,NULL,NULL,NULL,1,1,NULL),(14,5,'\r\nHumbrol AG4050 Coloro Paint Brushes Sizes 00,1,4,8\r\n','\r\nThe paint brushes are for acrylic and enamel paint. Synthetic. Sizes 00,1,4,8\r\n',0,5.99,'Humbrol_AG4050_Coloro_Paint_Brushes_Sizes_00_1_4_8_small_dc5366.jpg',NULL,NULL,0,0,'Humbrol_AG4050_Coloro_Paint_Brushes_Sizes_00_1_4_8_big_24d205.jpg',0,NULL,NULL,NULL,NULL,NULL,NULL,NULL,NULL,NULL,NULL,NULL,1,1,NULL),(15,5,'\r\nPrang 80614 96-Count Washable Art Markers Master Pack, Conical Tip\r\n','\r\nRed, orange, yellow, green, blue, purple, black, brown\r\nWashable, cleans easily from skin and most clothing with soap and water\r\nAP certified non-toxic\r\n',0,44.9,'Prang_80614_96_Count_Washable_Art_Markers_Master_Pack_Conical_Ti_small_51e794.jpg',NULL,NULL,0,0,'Prang_80614_96_Count_Washable_Art_Markers_Master_Pack_Conical_Ti_big_502392.jpg',0,NULL,NULL,NULL,NULL,NULL,NULL,NULL,NULL,NULL,NULL,NULL,1,1,NULL),(16,6,'\r\nCricut Explore Electronic Cutting Machine with Cricut Design Space Free Online Software\r\n','\r\nCuts the widest variety of materials (50+)\r\nUpload and cut your own designs FREE - including SVG files\r\nNo cartridges required (but cartridge compatible)\r\nFree and easy software - no paid upgrades required\r\n$100 Value of Images and Projects included\r\n',0,250,'Cricut_Explore_Electronic_Cutting_Machine_with_Cricut_Design_Spa_small_02b7b9.jpg',NULL,NULL,0,0,'Cricut_Explore_Electronic_Cutting_Machine_with_Cricut_Design_Spa_big_75d60e.jpg',0,NULL,NULL,NULL,NULL,NULL,NULL,NULL,NULL,NULL,NULL,NULL,1,1,NULL),(17,6,'\r\nEK Tools Paper Punch, Large, Flourish Square, New Package\r\n','\r\nPerfect for card making, scrapbooking and any paper craft\r\n',0,13,'EK_Tools_Paper_Punch_Large_Flourish_Square_New_Package_small_1a0e58.jpg',NULL,NULL,0,0,'EK_Tools_Paper_Punch_Large_Flourish_Square_New_Package_big_ac4128.jpg',0,NULL,NULL,NULL,NULL,NULL,NULL,NULL,NULL,NULL,NULL,NULL,1,1,NULL),(18,6,'\r\nK&CompanySmash Folio, Pretty Pink\r\nPretty style: Like a mint julep on the veranda.\r\nEmbossed chipboard cover\r\nBook size is 7-3/4 by 10-1/4 inches\r\nIncludes 40 pages\r\n','\r\n9.00$',0,0,'K_CompanySmash_Folio_Pretty_Pink_small_2331d7.jpg',NULL,NULL,0,0,'K_CompanySmash_Folio_Pretty_Pink_big_e6f429.jpg',0,NULL,NULL,NULL,NULL,NULL,NULL,NULL,NULL,NULL,NULL,NULL,1,1,NULL),(19,6,'\r\nMartha Stewart Crafts Large Circle Cutter\r\n','\r\nThe cutter cuts perfect circles from 4-inch to 12-inch in diameter at 1/8-inch increments\r\n',0,17,'Martha_Stewart_Crafts_Large_Circle_Cutter_small_b86acc.jpg',NULL,NULL,0,0,'Martha_Stewart_Crafts_Large_Circle_Cutter_big_1082db.jpg',0,NULL,NULL,NULL,NULL,NULL,NULL,NULL,NULL,NULL,NULL,NULL,1,1,NULL),(20,6,'\r\nXyron XRN510 Creative Station Multi-Use Crafting Machine with Permanent-Adhesive Cartridge\r\n','\r\nPortable machine laminates and makes stickers, labels, and magnets\r\n',0,30,'Xyron_XRN510_Creative_Station_Multi_Use_Crafting_Machine_with_Pe_small_9d15bb.jpg',NULL,NULL,0,0,'Xyron_XRN510_Creative_Station_Multi_Use_Crafting_Machine_with_Pe_big_ed1eb5.jpg',0,NULL,NULL,NULL,NULL,NULL,NULL,NULL,NULL,NULL,NULL,NULL,1,1,NULL),(21,7,'\r\nBrother CS6000i Feature-Rich Sewing Machine With 60 Built-In Stitches, 7 styles of 1-Step Auto-Size Buttonholes, Quilting Table, and Hard Cover\r\n','\r\nVersatile, value-packed, perfect for a wide range of sewing and quilting projects\r\nSelect stitches and adjust stitch length and stitch width via settings seen on the LCD display\r\nStop/start button allows use without included foot control. Variable speed control for easily adjusting your sewing speed\r\nJam-resistant Quick-set top drop-in bobbin makes setting and accessing your bobbin thread a breeze. No more fishing for your bobbin thread.\r\nBilingual user manual, 25-year limited warranty, and free phone support for the life of the product. We do not recommend using this machine in countries that do not support 120V AC even if a voltage adapter is in use\r\n',0,145,'Brother_CS6000i_Feature_Rich_Sewing_Machine_With_60_Built_In_Sti_small_d27419.jpg',NULL,NULL,0,0,'Brother_CS6000i_Feature_Rich_Sewing_Machine_With_60_Built_In_Sti_big_b18a95.jpg',0,NULL,NULL,NULL,NULL,NULL,NULL,NULL,NULL,NULL,NULL,NULL,1,1,NULL),(22,7,'\r\nButton It - Medium Green Polka Dot Sewing Box with Floral Lining\r\n','\r\nUnique Features include a Button Popper Fastening and a Pin Cushion under the Lid. Also has a Lift Out Tray with Storage Space underneath\r\nGreen Polka Dot Exterior with a Floral Interior Lining and Red Detailing\r\nFantastic Gift\r\nSize: 9.4 x 4.9 x 6.7 inches\r\nLC Designs Supply many Department Stores throughout the World - Quality in a Brand you can Trust\r\n',0,50,'Button_It_Medium_Green_Polka_Dot_Sewing_Box_with_Floral_Lining_small_b55f26.jpg',NULL,NULL,0,0,'Button_It_Medium_Green_Polka_Dot_Sewing_Box_with_Floral_Lining_big_ffc52c.jpg',0,NULL,NULL,NULL,NULL,NULL,NULL,NULL,NULL,NULL,NULL,NULL,1,1,NULL),(23,7,'\r\nDritz Tomato Pin Cushion\r\n','\r\nA pin cushion provides a safe place to store pins. This bright tomato keeps your pins and needles safe and within reach the strawberry emery will help to keep them sharp and free of burrs that could snag your fabrics.\r\n',0,1.2,'Dritz_Tomato_Pin_Cushion_small_06466e.jpg',NULL,NULL,0,0,'Dritz_Tomato_Pin_Cushion_big_7d0278.jpg',0,NULL,NULL,NULL,NULL,NULL,NULL,NULL,NULL,NULL,NULL,NULL,1,1,NULL),(24,7,'\r\nFiskars 94167097J Kids Classic Blunt Tip Scissors, 5-Inch, Assorted Colors\r\n','\r\n	\r\nChildren love Fiskars Kids Scissors for the handle that\'s shiny, bright and smooth, not \"stickey\" or \"bumpy\". Teachers and moms love the safe design and the antimicrobial handle protection. All Fiskars Kids Scissors feature an innovative safety-edge blade for high-quality cutting with a safer blade angle, plus a larger finger loop and an ergonomic thumb loop to provide a natural, more comfortable fit for kids\' fingers. Ideal for ages four and up, our Kids Scissors are available with a variety of special features. Fiskars scissors have a lifetime warranty.\r\n',0,2,'Fiskars_94167097J_Kids_Classic_Blunt_Tip_Scissors_5_Inch_Assorte_small_e2f7fb.jpg',NULL,NULL,0,0,'Fiskars_94167097J_Kids_Classic_Blunt_Tip_Scissors_5_Inch_Assorte_big_9992ff.jpg',0,NULL,NULL,NULL,NULL,NULL,NULL,NULL,NULL,NULL,NULL,NULL,1,1,NULL),(25,7,'\r\nHobby Gift Holiday Design Square Sewing Basket Pink & Blue on Cream Extra Large (30.5 x 30.5 x 22cm)\r\n','\r\nBrighten up any workroom with this \'Vintage Garden\' inspired Sewing Box. Contains colour coordinated plastic inner tray to help organise your smaller sewing accessories. EXTRA LARGE - Depth 30.5cm x Width 30.5cm x Height 22cm. Sturdy wooden handles . Large external pocket with, spacious internal compartment, lining 100% polyester and zip fastening at the top of the bag . Slightly padded/quilting decorative effect, outer material is premium 100% cotton\r\n',0,172,'Hobby_Gift_Holiday_Design_Square_Sewing_Basket_Pink_Blue_on_Crea_small_49a3ae.jpg',NULL,NULL,0,0,'Hobby_Gift_Holiday_Design_Square_Sewing_Basket_Pink_Blue_on_Crea_big_8f5b75.jpg',0,NULL,NULL,NULL,NULL,NULL,NULL,NULL,NULL,NULL,NULL,NULL,1,1,NULL),(26,9,'\r\nAmazonBasics 2-Port USB Car Charger with 2.1 Amp Total Output (Black)\r\n','\r\nPlug and power\r\n\r\nJust plug the AmazonBasics 2-port USB car charger into your vehicle’s cigarette lighter socket and connect up to two USB devices at once. The AmazonBasics car charger is not compatible with the Nexus 7 tablet.\r\n\r\nIntelligent charging\r\n\r\nIntelligent IC chip monitors charging to direct the power to the device that needs it most. The charger will provide 2.1 amps maximum total output. With maximum output of 2.1 amps, two devices plugged simultaneously receive approximately 1.0 amps each.\r\n\r\nConvenience on the go\r\n\r\nCompact charger can travel with you daily to be ready whenever you need to power your devices.\r\n\r\nLED charging indicator\r\n\r\nLED lights when connected.\r\n\r\nAmazon Frustration-Free Packaging\r\n\r\nThis AmazonBasics product features Amazon Frustration-Free Packaging that is recyclable. It comes without excess packaging materials such as hard plastic clamshell casings, plastic bindings, or wire ties. The packaging is designed to be opened without the use of a box cutter or knife, and it will protect your product just as well as traditional packaging. Products with Amazon Frustration-Free Packaging can frequently be shipped in their own boxes, without an additional shipping box, saving on resources and reducing waste.\r\n',0,8.99,'AmazonBasics_2_Port_USB_Car_Charger_with_2_1_Amp_Total_Output_Bl_small_a7b4a8.jpg',NULL,NULL,0,0,'AmazonBasics_2_Port_USB_Car_Charger_with_2_1_Amp_Total_Output_Bl_big_d5b35b.jpg',0,NULL,NULL,NULL,NULL,NULL,NULL,NULL,NULL,NULL,NULL,NULL,1,1,NULL),(27,9,'\r\nCarMD 2100 Vehicle Health System and Diagnostic Code Reader for OBDII Vehicles\r\n','\r\nComplete Solutions for Check Engine Lights\r\nThe CarMD database saves you the hassle of looking up codes and basing repair decisions on questionable sources. Our solutions come straight from working mechanics specializing in your vehicle and double checked by Master Technicians. It\'s like having thousands mechanics look at your vehicle and agreeing how it should be fixed.\r\n',0,80.59,'CarMD_2100_Vehicle_Health_System_and_Diagnostic_Code_Reader_for__small_ea408d.jpg',NULL,NULL,0,0,'CarMD_2100_Vehicle_Health_System_and_Diagnostic_Code_Reader_for__big_6eb077.jpg',0,NULL,NULL,NULL,NULL,NULL,NULL,NULL,NULL,NULL,NULL,NULL,1,1,NULL),(28,9,'\r\nDuracell DRPP300 Powerpack 300-Watt Jump Starter and Emergency Power Source\r\n','\r\nDuracell is the brand that\'s \"trusted everywhere\" in households around the world for high-quality, long-lasting batteries and chargers. Following its tradition of superior quality and dependability, Duracell brings you highly reliable, rugged portable power solutions that can be counted on in any situation. From power outages and roadside emergencies to recreation and the great outdoors, you can count on the rugged, yet compact Duracell Powerpack 300 to give you the power you need. If an outlet is not in reach or plugging into the dashboard\'s cigarette lighter is simply not an option, the Duracell Powerpack 300 is the perfect solution. It comes with a multitude of safety and emergency features, and is powerful enough to start your car and robust enough to provide portable power for small appliances - it even comes with a 250 PSI air compressor to inflate your vehicle\'s tires, small sports equipment and toys. The heart of the Duracell Powerpack 300 is a sealed, non-spillable 12 ampere-hour AGM battery. The Powerpack can be safely and conveniently recharged from any household AC outlet or DC cigarette-lighter outlet, making it ready to go whenever you need it. This robust battery is tied to a power inverter that provides 300 watts of power to its two grounded AC outlets and one DC socket. Multiple outlets give you the flexibility and convenience to operate several appliances at once, while the battery level indicator dynamically monitors the Duracell Powerpack\'s charge level. Internal circuitry ensures long inverter life by protecting against overload and over-temperature conditions. An audible alarm also signals during overheating and under-voltage situations, alerting you to any possible safety concerns.\r\n',0,102.59,'Duracell_DRPP300_Powerpack_300_Watt_Jump_Starter_and_Emergency_P_small_548466.jpg',NULL,NULL,0,0,'Duracell_DRPP300_Powerpack_300_Watt_Jump_Starter_and_Emergency_P_big_254e37.jpg',0,NULL,NULL,NULL,NULL,NULL,NULL,NULL,NULL,NULL,NULL,NULL,1,1,NULL),(29,9,'\r\nVega X888 Full Face Helmet (Gloss Black, XX-Large)\r\n','\r\nVega’s brand new entry level full face helmet the X888. With gloss black, flat black and the red daisho graphic available everyone can find the perfect color. The dual-density EPS foam enhances protection on the US DOT FMVSS 218 certified helmet. You can control the air flow on your helmet by adjusting the mouth and top vents. The cheek and rear exhaust vents help pull the air efficiently through the helmet increasing ventilation. All vents are replaceable and sold separately. A wick-dri anti-microbial fabric comfort fit liner makes this one of the best, most comfortable fitting helmets. Comes standard with a clear outer shield, 9 different tints/mirrors are sold separately. Available sizes on the X888 are X-small, XX-large to guarantee a great fit for everyone. All Vega products are backed by our 1 year manufacturer defect warranty, the warranty excludes wear and tear, any end-user modification, improper use or abuse, and/or crash damage.\r\n',0,55.08,'Vega_X888_Full_Face_Helmet_Gloss_Black_XX_Large__small_c0ed53.jpg',NULL,NULL,0,0,'Vega_X888_Full_Face_Helmet_Gloss_Black_XX_Large__big_c875e5.jpg',0,NULL,NULL,NULL,NULL,NULL,NULL,NULL,NULL,NULL,NULL,NULL,1,1,NULL),(30,9,'\r\nVega CFS Flat Black Weave, Medium Half Helmet\r\n','\r\nVega’s new CFS Half Helmet is our first made with an advanced carbon fiber composite shell. The CFS is DOT certified and is offered in 2 great finishes, gloss and flat black. The CFS is also available in 7 sizes XX-Small to XX-Large and with the CoolMax liner you will never have to worry about getting hot on those warm sunny days. Coolmax is designed to move moisture away from your skin keeping you cool and comfortable. The CFS comes standard with either a gloss or flat black 3-snap visor depending on the finish of your helmet, also comes with a 2-stage adjustable forehead vent to maximize airflow and optional detachable speaker-ready ear pads.\r\n',0,100.09,'Vega_XTA_Half_Helmet_Flat_Black_Large__small_f218ba.jpg',NULL,NULL,0,0,'Vega_XTA_Half_Helmet_Flat_Black_Large__big_df0691.jpg',0,NULL,NULL,NULL,NULL,NULL,NULL,NULL,NULL,NULL,NULL,NULL,1,1,NULL),(31,10,'\r\nBESTEK Dual 110V AC outlets and Dual USB 3.1A 300w power inverter car dc 12v to 110v ac inverter dc adapter laptop charger notebook adapter dc charger ac adapter usb charger MRI3011BU\r\n','\r\nConverts 12-volt DC power from a vehicle battery to 120-volt AC power. Simply plug the inverter into your vehicle\'s DC outlet, and connect your device to the inverter\'s AC outlet or USB port.providing on-the-go household power in the vehicle.\r\nDual 110V AC oulets and Dual USB ports 3.1A totally, one with 1A and the other 2.1A for iPad and other larger devices fast charging\r\nShort circuit,overload,overheat,low battery voltage,over battery voltage Protections, Full protection features and Auto-shutdown keep your appliance and car from damage of overheating, over load , low load, short circuit, low voltage and over voltage.\r\nHigh tech achieved: Input & Output Isolation avoid electric shock ! Built-in fuse & cooling fan. Resum working after protections.\r\nFor DC12V and Car ONLY, not applied for DC24V and airplane use !\r\n',0,26.99,'BESTEK_Dual_110V_AC_outlets_and_Dual_USB_3_1A_small_97989b.jpg',NULL,NULL,0,0,'BESTEK_Dual_110V_AC_outlets_and_Dual_USB_3_1A_big_8d4c7d.jpg',0,NULL,NULL,NULL,NULL,NULL,NULL,NULL,NULL,NULL,NULL,NULL,1,1,NULL),(32,10,'\r\nBlack & Decker PPRH5B Professional Power Station\r\n','\r\nShips from and sold by Beach Audio.\r\n2 AC, 1 DC and 1 USB ports\r\nInternal charging cube for use with a household extension cord\r\nOn-board cable and clamp storage\r\nKeyless on/off switch\r\nVisual and audible reverse polarity alarms warn against improper battery connections\r\n',0,113.67,'Black_Decker_PPRH5B_Professional_Power_Station_small_3e3c58.jpg',NULL,NULL,0,0,'Black_Decker_PPRH5B_Professional_Power_Station_big_c97ea1.jpg',0,NULL,NULL,NULL,NULL,NULL,NULL,NULL,NULL,NULL,NULL,NULL,1,1,NULL),(33,10,'\r\nHakko CHP-170 Micro Clean Cutter, 16 Gauge Maximum Cutting Capacity\r\n','\r\nItem Weight: 2.4 ounces\r\nShipping Weight: 2.4 ounces (View shipping rates and policies)\r\nShipping: This item is also available for shipping to select countries outside the U.S.\r\nASIN: B00FZPDG1K\r\nItem model number: CHP-170\r\n',0,4,'Hakko_CHP_170_Micro_Clean_Cutter_16_Gauge_Maximum_Cutting_Capaci_small_213e63.jpg',NULL,NULL,0,0,'Hakko_CHP_170_Micro_Clean_Cutter_16_Gauge_Maximum_Cutting_Capaci_big_2b9785.jpg',0,NULL,NULL,NULL,NULL,NULL,NULL,NULL,NULL,NULL,NULL,NULL,1,1,NULL),(34,10,'\r\nRally 7471 Portable 8 in 1 Power Source and Jumpstart Unit with Hand Generator\r\n','\r\nShips from and sold by Amazon.com.\r\nJumpstart any 12 volt battery quickly and safely\r\nEmergency hand generator charges battery\r\n140 watt inverter operates a variety of household products\r\nUSB power source to operate and recharge portable electronic devices\r\n260 PSI air compressor for high pressure inflation of tires and more\r\n',0,69.5,'Rally_7471_Portable_8_in_1_Power_Source_and_Jumpstart_Unit_with__small_516a34.jpg',NULL,NULL,0,0,'Rally_7471_Portable_8_in_1_Power_Source_and_Jumpstart_Unit_with__big_c07e40.jpg',0,NULL,NULL,NULL,NULL,NULL,NULL,NULL,NULL,NULL,NULL,NULL,1,1,NULL),(35,10,'\r\nSchumacher XP2260 1200 Peak Amp Instant Portable Power Source\r\n','\r\nShips from and sold by Amazon.com in easy-to-open packaging.\r\nOn/Off switch activates the jump starting mode\r\nBuilt-in charger for automatic charging of internal battery\r\nBattery status LEDs indicate when battery is charged or needs to be charged\r\nSure-Grip clamps fit both top and side-mount batteries\r\nA maintenance-free, sealed lead acid battery allow for storage in any position\r\nSpecial Shipping Information: This item cannot be returned and has additional shipping restrictions\r\n',0,114.6,'Schumacher_XP2260_1200_Peak_Amp_Instant_Portable_Power_Source_small_f45337.jpg',NULL,NULL,0,0,'Schumacher_XP2260_1200_Peak_Amp_Instant_Portable_Power_Source_big_2a7386.jpg',0,NULL,NULL,NULL,NULL,NULL,NULL,NULL,NULL,NULL,NULL,NULL,1,1,NULL),(36,15,'\r\n15pcs Nail Art Painting Pen Brush\r\n','\r\nPackage includes : 3x Drawing Tools 7x Painting Tools (also can use as gel nail curing brush) 2x Liners 1x Dotting Tool 2x Fan brushes for nail art effect (also can use as eye shadow brush)\r\n',0,2.6,'15pcs_Nail_Art_Painting_Pen_Brush_small_7ccd62.jpg',NULL,NULL,0,0,'15pcs_Nail_Art_Painting_Pen_Brush_big_d36138.jpg',0,NULL,NULL,NULL,NULL,NULL,NULL,NULL,NULL,NULL,NULL,NULL,1,1,NULL),(37,15,'\r\nAtomy Body Rich Body Lotion\r\n','\r\nMoisturizing effect against Keratin. Soft and natural aroma.\r\nNon-sticky texture.\r\nLight and refreshing\r\nFresh Organic Herbs - Chamomile, Rosemary, Lavender, Marshmallows, Houttuynia Cordata, Basil, Fennel, Centella asiatica, Portulaca oleracea\r\n',0,15.5,'Atomy_Body_Rich_Body_Lotion_small_431b0a.jpg',NULL,NULL,0,0,'Atomy_Body_Rich_Body_Lotion_big_d48a94.jpg',0,NULL,NULL,NULL,NULL,NULL,NULL,NULL,NULL,NULL,NULL,NULL,1,1,NULL),(38,15,'\r\nAtomy Foam Cleanser\r\n','\r\nTrouble care with trichloro acetic acid contents\r\nRemoving sebum in pores to help maintain clean and healthy skin\r\nFine and rich foam power\r\nRich moisturizing and nutritious effect of beta-glucan and vegetable worm extract\r\nSoft and moisturizing cream type\r\n',0,20.99,'Atomy_Foam_Cleanser_small_094d54.jpg',NULL,NULL,0,0,'Atomy_Foam_Cleanser_big_5b8341.jpg',0,NULL,NULL,NULL,NULL,NULL,NULL,NULL,NULL,NULL,NULL,NULL,1,1,NULL),(39,15,'\r\nBeautyblender, The Ultimate MakeUp Sponge Applicator, 2 sponges.\r\n','\r\nModernize the Way You MakeUp! The Ultimate MakeUp Sponge Applicator. Designed by two top Hollywood Make up artists, Beautyblender is the most versatile make up tool you\'ll ever own. It \'s elliptical teardrop shape is super soft to the touch, like suede and allows you to access hard-to-reach places making your make up application foolproof. It\'s washable, re-useable and recyclable. It\'s latex free and anti-microbial. Can be used with all types of make up; liquid base, cream base, mineral make up, cream blush, powders etc. Use Beautyblender damp or dry...we like to use it damp.Please note, Beautyblender will expand when wet. Application tip: Stipple or \"bounce\" Beautyblender when applying your make up for a flawless, airbrush type of finish. With 2 you can keep one at home and take one with you, or use one damp and use the other dry.\r\nIncluded in package: 2 blenders, instruction cards in canister with pedestal\r\nDouble your fun! Use 1 damp use the other 1 dry. Take one with you and keep the other safe at home.\r\nWashable, re-useable, recyclable. Can be used with all types of makeup. Use damp or dry. We prefer damp. Very versatile applicator.\r\nIf you have problem skin Beautyblender works to cover blemishes. Use the pointed end and the stipple and twist technique for a perfect finish.\r\nBeautyblender is made from a latex-free, anti microbial foam to help fight bacteria and sensitive enough for those with allergies.\r\n',0,23,'Beautyblender_The_Ultimate_MakeUp_Sponge_Applicator_2_sponges_small_0ac1df.jpg',NULL,NULL,0,0,'Beautyblender_The_Ultimate_MakeUp_Sponge_Applicator_2_sponges_big_c3f763.jpg',0,NULL,NULL,NULL,NULL,NULL,NULL,NULL,NULL,NULL,NULL,NULL,1,1,NULL),(40,15,'\r\n15pcs Nail Art Painting Pen Brush\r\n','\r\nSet comes with 4 foundation puffs in 2 different shapes. Expect: (2) Hour Glass Shaped Puffs in Blue and Pink and (2) Tear Drop Shaped Puffs in Beige and Lavender.\r\nBundle Monster \"TM\" gift package included as shown.\r\nGives flawless foundation application every single time. Put makeup on like a pro - evenly distributes makeup so no areas with too much or too little coverage.\r\nShapes are ideal for all types of makeup application. Each sponge is approx: 2.25\" x 1.5\" x 1.5\" (L x W x H).\r\nProduct is reusable if cared for properly - if used daily, we recommend washing your sponge frequently with a mild cleanser and air dry. **For best results: Wash sponges for use.**\r\n',0,10.99,'Bundle_Monster_4pc_Pro_Beauty_Flawless_Makeup_Blender_Foundation_small_94ab18.jpg',NULL,NULL,0,0,'Bundle_Monster_4pc_Pro_Beauty_Flawless_Makeup_Blender_Foundation_big_8c3202.jpg',0,NULL,NULL,NULL,NULL,NULL,NULL,NULL,NULL,NULL,NULL,NULL,1,1,NULL),(41,15,'\r\nDetangling Brush By Crave Naturals - Glide Thru Detangling Brush Works As a Detangler for Thick, Thin, Curly, Fine, Natural, Color Treated, Damaged, Wet or Dry Hair - No More Tangle - Adults & Kids - Gentle As a Comb - Pink and Black Color - LIFETIME GU','\r\nORIGINAL GLIDE THRU BRUSH - Ever since the Glide Thru Detangling Brush launched, other companies have tried to copy it! But only the Glide Thru Detangling Brush has firm, quality bristles that will not lose their shape!\r\nTHE BEST AT REMOVING KNOTS AND TANGLES - Ordinary brushes work against the hair, basically ripping through and pulling out the knotted hair instead of detangling it! But the unique cone shaped plastic bristles work to separate the hair sideways instead of down, gently unraveling even the toughest tangles.\r\nCHILD FRIENDLY - No more fits when it\'s time to get ready to go out! The Glide Thru brush doesn\'t dig into the scalp or rip out hair like other brushes. It takes out tangles without yanking or hurting. One customer review states, \"My daughter used to cry every time Mommy brushed her hair. This brush is the best thing I ever bought for her.\"\r\nLIFE CHANGING BRUSH - Other brushes have beads at the end that can dig into the scalp and cause pain and get caught in tangles. The Glide Thru brush has painless bristles that massage the scalp and increase circulation, which may help increase hair growth. One customer writes: \"I brushed my hair for at least 2 or 3 minutes because it felt so good.\" It also smoothes the cuticle layer, making your hair shine!\r\nLESS HAIR LOSS, LESS STRESS - No more ripping out hair just to get rid of tangles! Listen to these customer comments: \"I looked at the brush when I was done and there was one hair in it. Just one! My other brushes were pulling out a lot more than that!\" and, \"All my brushes before were always ripping out loads of hairs in chunks, but not this brush.\"\r\n',0,15.9,'Detangling_Brush_By_Crave_Naturals_small_d69522.jpg',NULL,NULL,0,0,'Detangling_Brush_By_Crave_Naturals_big_94bded.jpg',0,NULL,NULL,NULL,NULL,NULL,NULL,NULL,NULL,NULL,NULL,NULL,1,1,NULL),(42,15,'\r\nHairfinity Hair Vitamins 60 capsules\r\n','\r\nHairfinity is a nutritional supplement that is transforming the hair of women all over the world. A unique natural blend of vitamins, nutrients and our exclusive CapilsanaTM Complex, it promotes healthy hair growth and nourishes your hair from the inside out.\r\n',0,37,'Hairfinity_Hair_Vitamins_60_capsules_small_a62c92.jpg',NULL,NULL,0,0,'Hairfinity_Hair_Vitamins_60_capsules_big_636bc1.jpg',0,NULL,NULL,NULL,NULL,NULL,NULL,NULL,NULL,NULL,NULL,NULL,1,1,NULL),(43,15,'\r\nKnot Genie Detangling Brush, Fairy Pink\r\n','\r\nThe Knot Genie Detangling Brush was created for every person that has endured the pain and difficulty that come with brushing their hair. With the Knot Genie, even the curliest, most knotted up hair practically slips through the unique bristle configuration - gently and painlessly. Try the Knot Genie on yourself or on your kids - you\'ll be amazed by the ease of brushing, as well as how it virtually stops breakage and split ends. You\'ve wished for hair brushing standoffs to end. Wish granted.\r\n',0,10,'Knot_Genie_Detangling_Brush_Fairy_Pink_small_d03cc7.jpg',NULL,NULL,0,0,'Knot_Genie_Detangling_Brush_Fairy_Pink_big_942376.jpg',0,NULL,NULL,NULL,NULL,NULL,NULL,NULL,NULL,NULL,NULL,NULL,1,1,NULL),(44,15,'\r\nMiniPRO by Conair Tourmaline Ceramic Hair Dryer\r\n','\r\nFor salon results on the go, the Infiniti Mighty Mini Styler by Conair is the perfect solution. With 1200 watts of power, 2 heat and s speed settings, it dries quickly, yet gently. Tourmaline Ceramic technology leaves hair shiny and silky while the diffuser and concentrator attachments create customized looks. A travel pouch is included and the dual voltage is perfect for worldwide travel.\r\n',0,20,'MiniPRO_by_Conair_Tourmaline_Ceramic_Hair_Dryer_small_07624b.jpg',NULL,NULL,0,0,'MiniPRO_by_Conair_Tourmaline_Ceramic_Hair_Dryer_big_3912eb.jpg',0,NULL,NULL,NULL,NULL,NULL,NULL,NULL,NULL,NULL,NULL,NULL,1,1,NULL),(45,15,'\r\nPretika SonicDermabrasion Facial Brush\r\n','\r\nSonicDermabrasion Facial Brush using Sonic High Frequency Micro-Pulsating Cleansing Technology\r\n',0,28,'Pretika_SonicDermabrasion_Facial_Brush_small_f3ced9.jpg',NULL,NULL,0,0,'Pretika_SonicDermabrasion_Facial_Brush_big_8ba5e8.jpg',0,NULL,NULL,NULL,NULL,NULL,NULL,NULL,NULL,NULL,NULL,NULL,1,1,NULL),(46,16,'\r\nBabyganics Face, Hand & Baby Wipes, Fragrance Free, 100 Count \r\n','\r\nIt\'s a problem as old as time: babies\' most sensitive places are also the messiest. About time for these hydrating, skin-nourishing wipes-- gentle enough for faces, hands and bottom places. With a thick, soft texture and always moist (thanks to the pack design) material. So wipe, baby, wipe.\r\n',0,15,'Babyganics_Face_Hand_Baby_Wipes_Fragrance_Free_100_Count_small_1404a1.jpg',NULL,NULL,0,0,'Babyganics_Face_Hand_Baby_Wipes_Fragrance_Free_100_Count_big_534d05.jpg',0,NULL,NULL,NULL,NULL,NULL,NULL,NULL,NULL,NULL,NULL,NULL,1,1,NULL),(47,16,'\r\nCrest 3D White Luxe Whitestrips Supreme FlexFit-Teeth Whitening Kit 14 treatments\r\n','\r\nCrest 3D White Luxe Whitestrips Supreme FlexFit-Teeth Whitening Kit 14 treatments ,14 count\r\nThis product is not eligible for priority shipping. Image may vary from the actual product.\r\n',0,29.5,'Crest_3D_White_Luxe_Whitestrips_Supreme_FlexFit_Teeth_Whitening__small_cbe281.jpg',NULL,NULL,0,0,'Crest_3D_White_Luxe_Whitestrips_Supreme_FlexFit_Teeth_Whitening__big_d0480b.jpg',0,NULL,NULL,NULL,NULL,NULL,NULL,NULL,NULL,NULL,NULL,NULL,1,1,NULL),(48,16,'\r\nDreft Baby Liquid Laundry Detergent 32 Loads 50 Fl Oz (Pack of 2)\r\n','\r\n#1 Choice of Pediatricians.\r\nGentle for Baby. Trusted by Mom.\r\nBottle made from 25% or more post-consumer recycled plastic.\r\nSpecially made for babies.\r\n',0,21.5,'Dreft_Baby_Liquid_Laundry_Detergent_32_Loads_50_Fl_Oz_small_169487.jpg',NULL,NULL,0,0,'Dreft_Baby_Liquid_Laundry_Detergent_32_Loads_50_Fl_Oz_big_f7bada.jpg',0,NULL,NULL,NULL,NULL,NULL,NULL,NULL,NULL,NULL,NULL,NULL,1,1,NULL),(49,16,'\r\nFebreze Noticeables Gain Original Air Freshener Refill \r\n','\r\nHere’s a fresh idea—an electric air freshener that alternates between two complementary scents, keeping your home noticeably fresh for 30 days. Febreze Noticeables is a convenient and inventive way to permanently eliminate underlying odors such as mustiness and pet smells, while releasing waves of warm, subtle fragrance. The alternating oils keep your nose on its toes, ensuring noticeable freshness, all month long. Just plug it and enjoy the air!\r\nEliminates odors in the air caused by bacteria and freshens\r\nTrade up for long-lasting freshness with Febreze NOTICEables* (*vs. single chamber scented oil warmers)\r\nAdvanced technology system that solves challenges common to other air fresheners\r\nAutomatically alternates to keep your nose from getting bored\r\nInnovative warmer alternates between two complementary scents, so you?re sure to notice them all month long\r\nAvailable in a variety of scents\r\nEliminates tough odors so they?re gone for good\r\n',0,8,'Febreze_Noticeables_Gain_Original_Air_Freshener_Refill_small_6cff33.jpg',NULL,NULL,0,0,'Febreze_Noticeables_Gain_Original_Air_Freshener_Refill_big_4a3efe.jpg',0,NULL,NULL,NULL,NULL,NULL,NULL,NULL,NULL,NULL,NULL,NULL,1,1,NULL),(50,16,'\r\nNow Foods Ultrasonic Oil Diffuser\r\n','\r\nBPA-free and utilizes high-frequency ultrasonic electrical vibrations to create an ultra-fine aromatherapy mist\r\nDoesn\'t utilize heat, which maintains essential oil integrity and holistic properties\r\nPerfect for daily and year-round use\r\n',0,35,'Now_Foods_Ultrasonic_Oil_Diffuser_small_efa5ca.jpg',NULL,NULL,0,0,'Now_Foods_Ultrasonic_Oil_Diffuser_big_541e68.jpg',0,NULL,NULL,NULL,NULL,NULL,NULL,NULL,NULL,NULL,NULL,NULL,1,1,NULL),(51,16,'\r\nOmron BP710N 3 Series Upper Arm Blood Pressure Monitor\r\n','\r\nNo. 1 doctor and pharmacist recommended home blood pressure monitor\r\nFeel empowered by accuracy with precise readings you can trust\r\nReceive quick and accurate results with the touch of one button\r\nAlerts you instantly if an irregular heartbeat is detected while your blood pressure is being measured\r\nTrack your health at home with the ability to review the last 14 readings\r\n',0,40,'Omron_BP710N_3_Series_Upper_Arm_Blood_Pressure_Monitor_small_9b95c1.jpg',NULL,NULL,0,0,'Omron_BP710N_3_Series_Upper_Arm_Blood_Pressure_Monitor_big_0a2064.jpg',0,NULL,NULL,NULL,NULL,NULL,NULL,NULL,NULL,NULL,NULL,NULL,1,1,NULL),(52,16,'\r\nOral-B Pro-Health Clinical Pro-Flex Medium Toothbrush 2 Count\r\n','\r\nOral-B Pro-Health Clinical Pro-Flex has flexing sides that adjust to the unique curves and contours of your teeth, including gum line, for a superior clean vs. an ordinary brush. Because of its flexibility, it is gentle on gums too.\r\nFlexing sides adjust to the unique curves and contours of your teeth, including gum line, for a superior clean vs. and ordinary brush with regular use.\r\nFlexing Sides! One Superior clean vs. an ordinary manual brush.*with regular use\r\nGentle on gums.\r\nIndividual flexing sides.\r\n',0,6.5,'Oral_B_Pro_Health_Clinical_Pro_Flex_Medium_Toothbrush_2_Count_small_1b0af6.jpg',NULL,NULL,0,0,'Oral_B_Pro_Health_Clinical_Pro_Flex_Medium_Toothbrush_2_Count_big_a925cc.jpg',0,NULL,NULL,NULL,NULL,NULL,NULL,NULL,NULL,NULL,NULL,NULL,1,1,NULL),(53,16,'\r\nOxiclean Versatile Stain Remover, 7.22 Pounds\r\n','\r\nThe unique formula is activated by water, unleashing bubbling oxygen power for safe, effective cleaning\r\nFor regular and he washers\r\nIts special ingredients are designed to help rinse soils away\r\n',0,15,'Oxiclean_Versatile_Stain_Remover_small_326ba6.jpg',NULL,NULL,0,0,'Oxiclean_Versatile_Stain_Remover_big_0f124d.jpg',0,NULL,NULL,NULL,NULL,NULL,NULL,NULL,NULL,NULL,NULL,NULL,1,1,NULL),(54,16,'\r\nTide Gentle HE Laundry Detergent 77 Count\r\n','\r\nContains zero dyes and zero perfumes\r\nProvides a deeper clean (versus the leading Free detergent) that?s gentle on skin\r\nPop in the washer for a perfectly premeasured amount of laundry detergent in any size load, temperature or machine\r\nOne of three products in the Free and Gentle Family, which also includes Downy Free fabric softener and Bounce Free dryer sheets\r\nFormulated for both high efficiency (HE) and standard washers\r\n77-pac (load) containers\r\n',0,25,'Tide_Gentle_HE_Laundry_Detergent_77_Count_small_7fff1b.jpg',NULL,NULL,0,0,'Tide_Gentle_HE_Laundry_Detergent_77_Count_big_4f28f6.jpg',0,NULL,NULL,NULL,NULL,NULL,NULL,NULL,NULL,NULL,NULL,NULL,1,1,NULL),(55,16,'\r\nVega One All-in-One Nutritional Shake, French Vanilla, 30 oz\r\n','\r\n15 grams of protein from a multisource plant-based blend\r\n50% daily intake of vitamins and minerals\r\n1.5 g Omega-3s, fiber, greens, antioxidants, and probiotics\r\nVegan, free of dairy, gluten, and soy, with no added sugar\r\nOnly 150 calories and low-glycemic to support healthy weight management\r\n',0,56,'Vega_One_All_in_One_Nutritional_Shake_French_Vanilla_small_09aea7.jpg',NULL,NULL,0,0,'Vega_One_All_in_One_Nutritional_Shake_French_Vanilla_big_95bfca.jpg',0,NULL,NULL,NULL,NULL,NULL,NULL,NULL,NULL,NULL,NULL,NULL,1,1,NULL),(56,17,'\r\nBaxter of California Daily Protein Shampoo, 10 fl. oz.\r\n','\r\nNutrient-rich daily shampoo for men delivers fuller, stronger, healthier-looking hair. The gentle formula removes buildup and natural toxins like DHT, a male hormone found to be harmful to the hair\'s growth cycle.\r\n',0,16,'Baxter_of_California_Daily_Protein_Shampoo_10_fl_oz_small_fcca44.jpg',NULL,NULL,0,0,'Baxter_of_California_Daily_Protein_Shampoo_10_fl_oz_big_c3d6d3.jpg',0,NULL,NULL,NULL,NULL,NULL,NULL,NULL,NULL,NULL,NULL,NULL,1,1,NULL),(57,17,'\r\nBaxter of California Large Comb\r\n','\r\nHandcrafted men\'s comb provides maximum grooming comfort. Baxter of California combs are made of high quality cellulose acetate in a 12-step manufacturing process, resulting in smoothly tapered teeth and rounded tips.\r\n',0,18,'Baxter_of_California_Large_Comb_small_b3680d.jpg',NULL,NULL,0,0,'Baxter_of_California_Large_Comb_big_2bc64d.jpg',0,NULL,NULL,NULL,NULL,NULL,NULL,NULL,NULL,NULL,NULL,NULL,1,1,NULL),(58,17,'\r\nBaxter of California Soft Water Pomade, 2 oz.\r\n','\r\nStrong hold, matte finish pomade. This men\'s hair wax separates, defines, and molds styles. Infused with natural ingredients such as clay and beeswax, the texturizing formula creates a strong, pliable hold without shine.\r\n',0,20,'Baxter_of_California_Soft_Water_Pomade_2_oz_small_a741c9.jpg',NULL,NULL,0,0,'Baxter_of_California_Soft_Water_Pomade_2_oz_big_a02c47.jpg',0,NULL,NULL,NULL,NULL,NULL,NULL,NULL,NULL,NULL,NULL,NULL,1,1,NULL),(59,17,'\r\nblowpro After Blow Strong Hold Finishing Spray\r\n','\r\nAll-day hold from the quick-dry super-spray that zaps frizz and flyaways with zero build-up. A perfect finishing spray to lock in a blowout or a glamorous updo.\r\n',0,19,'blowpro_After_Blow_Strong_Hold_Finishing_Spray_small_0faa74.jpg',NULL,NULL,0,0,'blowpro_After_Blow_Strong_Hold_Finishing_Spray_big_94c68b.jpg',0,NULL,NULL,NULL,NULL,NULL,NULL,NULL,NULL,NULL,NULL,NULL,1,1,NULL),(60,17,'\r\nJack Black Epic Moisture MP 10 Nourishing Oil, 2 fl. oz.\r\n','\r\nThis lightweight, quick-penetrating blend of 10 natural oils infuses skin and hair with intensive moisture plus potent antioxidants, essential nutrients and fatty acids for a healthy, improved appearance.\r\n',0,32,'Jack_Black_Epic_Moisture_MP_10_Nourishing_Oil_2_fl_oz_small_850c04.jpg',NULL,NULL,0,0,'Jack_Black_Epic_Moisture_MP_10_Nourishing_Oil_2_fl_oz_big_43cce3.jpg',0,NULL,NULL,NULL,NULL,NULL,NULL,NULL,NULL,NULL,NULL,NULL,1,1,NULL),(61,17,'\r\nJack Black True Volume Thickening Shampoo, 12 fl. oz.\r\n','\r\nTrue Volume Thickening Shampoo uses natural ingredients to help hair look thicker and fuller and keep scalp healthy and flake-free.\r\n',0,19,'Jack_Black_True_Volume_Thickening_Shampoo_12_fl_oz_small_1ad3cd.jpg',NULL,NULL,0,0,'Jack_Black_True_Volume_Thickening_Shampoo_12_fl_oz_big_2d598b.jpg',0,NULL,NULL,NULL,NULL,NULL,NULL,NULL,NULL,NULL,NULL,NULL,1,1,NULL),(62,17,'\r\nL\'Occitane Aromachologie Repairing Mask, 6.7 fl. oz.\r\n','\r\nL\'Occitane\'s repairing mask is formulated to help strengthen and protect dry and damaged hair. It features a blend of five essential oils in addition to sweet almond and shea butter to leave your hair soft, shiny and strong.\r\n',0,34,'L_Occitane_Aromachologie_Repairing_Mask_6_7_fl_oz_small_f3710e.jpg',NULL,NULL,0,0,'L_Occitane_Aromachologie_Repairing_Mask_6_7_fl_oz_big_639650.jpg',0,NULL,NULL,NULL,NULL,NULL,NULL,NULL,NULL,NULL,NULL,NULL,1,1,NULL),(63,17,'\r\nL\'Occitane Aromachologie Repairing Shampoo\r\n','\r\nA natural complex of five essential oils - Angelica, Lavender, Geranium, Ylang-ylang and Patchouli - plus wheat proteins work together in synergy to help repair, strengthen, regenerate and soften dry and damaged hair.\r\n',0,20,'L_Occitane_Aromachologie_Repairing_Shampoo_small_d77110.jpg',NULL,NULL,0,0,'L_Occitane_Aromachologie_Repairing_Shampoo_big_8df84d.jpg',0,NULL,NULL,NULL,NULL,NULL,NULL,NULL,NULL,NULL,NULL,NULL,1,1,NULL),(64,17,'\r\nMolton Brown Indian Cress Purifying Shampoo, 10 fl. oz.\r\n','\r\nLondon via Bolivia. Out with daily grime. In with cared for, healthy-looking hair.\r\n',0,30,'Molton_Brown_Indian_Cress_Purifying_Shampoo_10_fl_oz_small_ad127c.jpg',NULL,NULL,0,0,'Molton_Brown_Indian_Cress_Purifying_Shampoo_10_fl_oz_big_6c5e4b.jpg',0,NULL,NULL,NULL,NULL,NULL,NULL,NULL,NULL,NULL,NULL,NULL,1,1,NULL),(65,17,'\r\nMolton Brown Plum-Kadu Glossing Conditioner, 10 fl. oz.\r\n','\r\nLondon via Australia. Out with dull-looking, lackluster hair. In with shine and radiance.\r\n',0,30,'Molton_Brown_Plum_Kadu_Glossing_Conditioner_10_fl_oz_small_24d71a.jpg',NULL,NULL,0,0,'Molton_Brown_Plum_Kadu_Glossing_Conditioner_10_fl_oz_big_3d5b65.jpg',0,NULL,NULL,NULL,NULL,NULL,NULL,NULL,NULL,NULL,NULL,NULL,1,1,NULL),(66,18,'\r\nAxe Lure Just Soft Conditioner, 12-Ounce Bottle\r\n','\r\nWish your hair screamed \"touch me\"? Axe Lure Conditioner with magnetic softeners leaves your hair so soft to the touch, girls can\'t resist.\r\nAxe Lure Just Soft Conditioner 12oz bottle\r\nAxe Conditioner for men\r\nMagnetic softeners leave your hair soft to the touch\r\nAlso along with Axe Primed Just Clean\r\nSend the right signals\r\n',0,25.5,'Axe_Lure_Just_Soft_Conditioner_12_Ounce_Bottle_Pack_of_3__small_935ac8.jpg',NULL,NULL,0,0,'Axe_Lure_Just_Soft_Conditioner_12_Ounce_Bottle_Pack_of_3__big_bc231d.jpg',0,NULL,NULL,NULL,NULL,NULL,NULL,NULL,NULL,NULL,NULL,NULL,1,1,NULL),(67,18,'\r\nBaxter of California Shave 1.2.3 Kit\r\n','\r\nEverything you need to get the closest shave possible: shaving cream, badger hair shave brush & aftershave balm. Three products to help you lather up and shave in a classic and traditional way.\r\n',0,72,'Baxter_of_California_Shave_1_2_3_Kit_small_22fc14.jpg',NULL,NULL,0,0,'Baxter_of_California_Shave_1_2_3_Kit_big_9f8f66.jpg',0,NULL,NULL,NULL,NULL,NULL,NULL,NULL,NULL,NULL,NULL,NULL,1,1,NULL),(68,18,'\r\nBed Head Men Bed Head For Men Leave In Conditioner Spray, 8.45 Ounce\r\n','\r\nWho: guys who want. Healthy hair and scalp. What: a conditioning spray to add. Moisture and reduce scalp dryness.\r\nWhat: a conditioning spray to add\r\nMoisture and reduce scalp dryness\r\n',0,15.5,'Bed_Head_Men_Bed_Head_For_Men_Leave_In_Conditioner_Spray_8_45_Ou_small_7e4129.jpg',NULL,NULL,0,0,'Bed_Head_Men_Bed_Head_For_Men_Leave_In_Conditioner_Spray_8_45_Ou_big_74ff57.jpg',0,NULL,NULL,NULL,NULL,NULL,NULL,NULL,NULL,NULL,NULL,NULL,1,1,NULL),(69,18,'\r\nBraun Series 7- 790cc Pulsonic Shaver System, Silver\r\n','\r\nThe most advanced shaver in the Braun Series 7 collection, the 790cc has been engineered to deliver nothing less than the ultimate grooming experience. This electric shaver includes revolutionary Pulsonic Technology that uses more than 10,000 micro vibrations to help capture more hair in every stroke. In addition, three Personalization Modes and a powerful linear motor produce a thorough and comfortable shave. Then, for added convenience after the shave, the advanced Clean & Renew System automatically cleans, charges, lubricates, and dries your shaver at the touch of a button.\r\nBraun Clean & Renew System\r\nAutomatically clean, charge, lubricate and dry your shaver at the touch of a button. Replaceable cartridges slide into the base of the Clean & Renew system, cleaning the blades after every shave, and extending both the life and comfort of the shaver.\r\nClean & Renew features:\r\nUnique alcohol-based cleaning solution eliminates 99.999% of all germs\r\nAutomatic battery charging\r\nAutomatic lubrication for optimal cutting efficiency\r\nA fresh lemon scent\r\n',0,208.5,'Braun_Series_7_790cc_Pulsonic_Shaver_System_Silver_small_c5960a.jpg',NULL,NULL,0,0,'Braun_Series_7_790cc_Pulsonic_Shaver_System_Silver_big_6c0c3d.jpg',0,NULL,NULL,NULL,NULL,NULL,NULL,NULL,NULL,NULL,NULL,NULL,1,1,NULL),(70,18,'\r\nEdwin Jagger 4 Piece Ivory Color Shaving Shave Set\r\n','\r\nBy Edwin Jagger\r\nGillette Mach 3 Razor\r\nPure Badger Shaving Brush\r\nBowl fits Edwin Jagger shaving soap refills\r\nPerfect gift for any wet shaver\r\n',0,76.5,'Edwin_Jagger_4_Piece_Ivory_Color_Shaving_Shave_Set_small_065cae.jpg',NULL,NULL,0,0,'Edwin_Jagger_4_Piece_Ivory_Color_Shaving_Shave_Set_big_b4dacb.jpg',0,NULL,NULL,NULL,NULL,NULL,NULL,NULL,NULL,NULL,NULL,NULL,1,1,NULL),(71,18,'\r\nBraun Series 7- 790cc Pulsonic Shaver System, Silver\r\n','\r\nCreated by highly acclaimed manufacturer of quality men\'s wet shaving accessories Edwin Jagger this fabulous razor is fitted with the ever popular Gillette Mach 3 blade head used by many wet shavers. The beautifully balanced razor is manufactured, branded and packaged in Sheffield. Durable imitation ivory polyester is used for the handle with bright nickel plated collar and end cap and the Edwin Jagger name printed on the handle length. Delivered in an Edwin Jagger presentation box it comes with one Mach 3 blade and is ready to use. Choose Edwin Jagger natural pre-shave, shaving soap or shaving cream to guarantee a smooth shave and fabulous post shaven feel.\r\n',0,39,'Edwin_Jagger_Imitation_Ivory_Gillette_Mach_3_Razor_with_Nickel_P_small_d6f33c.jpg',NULL,NULL,0,0,'Edwin_Jagger_Imitation_Ivory_Gillette_Mach_3_Razor_with_Nickel_P_big_0c10f1.jpg',0,NULL,NULL,NULL,NULL,NULL,NULL,NULL,NULL,NULL,NULL,NULL,1,1,NULL),(72,18,'\r\nEdwin Jagger Ivory Porcelain Shaving Soap Bowl With Handle\r\n','\r\nClassic ivory colour porcelain shaving soap bowl with handle and Edwin Jagger logo. This is an ideal accompaniment to a wet shavers daily routine. Used with an Edwin Jagger natural, paraben free, traditional shaving soap it will allow you to whip up a rich shaving lather to complement your shave.\r\nIdeal for use with many hard shaving soap refills\r\nWonderful accompaniment for any wet shaving routine\r\nA must for shaving brush users\r\nUsed with quality shaving soap and hot water whip up a rich lather for wet shaving\r\nExcellent gift for a wet shaving man\r\n',0,33.3,'Edwin_Jagger_Ivory_Porcelain_Shaving_Soap_Bowl_With_Handle_small_ca3cf2.jpg',NULL,NULL,0,0,'Edwin_Jagger_Ivory_Porcelain_Shaving_Soap_Bowl_With_Handle_big_423380.jpg',0,NULL,NULL,NULL,NULL,NULL,NULL,NULL,NULL,NULL,NULL,NULL,1,1,NULL),(73,18,'\r\nEdwin Jagger Large Silver Tip Badger Hair Shaving Brush With Drip Stand - Imitation Ebony\r\n','\r\nEdwin Jagger Faux Ebony handle, Silver Tip Badger handmade English shaving brush. This fabulous Edwin Jagger shaving brush is created in Sheffield, England combining cutting edge manufacturing technology and traditional hand craftsman skills using selected polyester material for the brush handle. A shaving brush hand filled with Silver Tip hair combined with quality shaving cream or soap will improve wet shaving results. Edwin Jagger Silver tip hair is the very softest, rarest and most luxurious quality, excellent for wet shavers with sensitive skin requiring gentle lathering and exfoliation performance. Natural Silver Tip is chosen for its ability to absorb hot water, transfer it to the face and soften the beard during the shave ensuring consistent results with either Edwin Jagger natural, paraben free shaving cream or shaving soap. Edwin Jagger shaving brushes come with a matching plastic drip stand as the company always recommend that, after daily use, shaving brushes are thoroughly rinsed in warm water and hung to dry. This brush comes packaged in an Edwin Jagger logo presentation box and is accompanied by care & wet shaving instructions to ensure longevity. A fabulous high quality gift.\r\n',0,130,'Edwin_Jagger_Large_Silver_Tip_Badger_Hair_Shaving_Brush_With_Dri_small_f15476.jpg',NULL,NULL,0,0,'Edwin_Jagger_Large_Silver_Tip_Badger_Hair_Shaving_Brush_With_Dri_big_3d7469.jpg',0,NULL,NULL,NULL,NULL,NULL,NULL,NULL,NULL,NULL,NULL,NULL,1,1,NULL),(74,18,'\r\nGold Bond Men\'s Everyday Essentials Lotion, 14.5 Ounce\r\n','\r\nMen\'s Essentials offers everyday moisturizing for Body, Hands and Face. Replenishes and hydrates dry skin for daily preventative maintainence. A formula that Men want and is appropriate for daily use - non greasy and long lasting. Men\'s Essentials is a multi purpose lotion with it\'s 3-in-1 everyday formula for Body, Face and Hands. It has a light, neutral fresh scent that.\r\n',0,8,'Gold_Bond_Men_s_Everyday_Essentials_Lotion_14_5_Ounce_small_a3e554.jpg',NULL,NULL,0,0,'Gold_Bond_Men_s_Everyday_Essentials_Lotion_14_5_Ounce_big_5a9e28.jpg',0,NULL,NULL,NULL,NULL,NULL,NULL,NULL,NULL,NULL,NULL,NULL,1,1,NULL),(75,18,'\r\nPhilips Norelco PT730 Powertouch Electric Razor\r\n','\r\nPhilips Norelco PT730 PowerTouch razors combine the reliability and efficiency of classic Philips Norelco razors with improved functionality and a better looking design. The NEW Philips Norelco PowerTouch range allows for quick and easy cleaning under a running tap, while its cord-cordless operation and long-lasting lithium-ion battery means that men can enjoy the convenience of cordless mobility. This razor comes with a protective cap, power cord, and cleaning brush for easy care and maintenance.\r\n',0,50,'Philips_Norelco_PT730_Powertouch_Electric_Razor_small_a4913c.jpg',NULL,NULL,0,0,'Philips_Norelco_PT730_Powertouch_Electric_Razor_big_48708a.jpg',0,NULL,NULL,NULL,NULL,NULL,NULL,NULL,NULL,NULL,NULL,NULL,1,1,NULL),(76,19,'\r\nBell Plantation PB2 Powdered Peanut Butter and PB2 with Premium Chocolate\r\n','\r\nA 2 pack consisting of one jar PB2 Powdered Peanut Butter and one jar PB2 with premium chocolate.\r\n',0,10.59,'Bell_Plantation_PB2_Powdered_Peanut_Butter_and_PB2_with_Premium__small_4b9785.jpg',NULL,NULL,0,0,'Bell_Plantation_PB2_Powdered_Peanut_Butter_and_PB2_with_Premium__big_1b4595.jpg',0,NULL,NULL,NULL,NULL,NULL,NULL,NULL,NULL,NULL,NULL,NULL,1,1,NULL),(77,19,'\r\nGrassfed Organic Ghee 7.8 Oz - Pure Indian Foods(R) Brand\r\n','\r\nGhee is prepared by melting and simmering butter until all the water evaporates and the milk solids settle at the bottom. The remaining butter oil is very stable, giving it a high smoke point which makes it an excellent choice to use for frying and sautéing and it can be stored without refrigeration for up to a year. Organic Ghee is rich in nutrients, including healthy fat soluble vitamins which aid in the absorption of nutrients in the foods. Ghee contains naturally occurring CLA, Vitamins A, D & K. Per Ayurveda, cow ghee is one of the most sacred foods. During the clarification process, milk solids are removed, leaving the healthy butter fats behind. Small, trace amounts of casein and lactose can possibly remain in the ghee, but unless a person is extremely sensitive, consuming ghee will be fine, even if dairy is not. Ghee does not contain milk solids, which gives it a very high smoke point (~485 °F). Because it is very stable at high heat, it is considered one of the best oils for baking, sautéing and deep fat frying. When you sauté or fry with butter, milk solids can burn causing an unpleasant odor, appearance and taste. Also, there is no hissing, popping or splattering when you use ghee. It also has a sweet aroma and actually becomes richer in flavor as well. Ghee does not contain harmful trans-fats which can cause heart disease and many other serious health problems. Well-prepared ghee is very shelf-stable because it has low moisture content. Keep in an airtight container at room temperature for 2-3 months. In the refrigerator, it can last up to a year.\r\n',0,12.95,'Grassfed_Organic_Ghee_7_8_Oz_Pure_Indian_Foods_R_Brand_small_20581b.jpg',NULL,NULL,0,0,'Grassfed_Organic_Ghee_7_8_Oz_Pure_Indian_Foods_R_Brand_big_c5ddc0.jpg',0,NULL,NULL,NULL,NULL,NULL,NULL,NULL,NULL,NULL,NULL,NULL,1,1,NULL),(78,19,'\r\nHall\'s Chocolate Fudge, 1 Pound\r\n','\r\nHall\'s Candies smooth and creamy original recipe Chocolate Fudge is guaranteed to leave you smiling and wanting more! Made only from premium ingredients! Most orders ship the same day or within 1 business day. The best fudge available. Order online today, taste and see for yourself!\r\nIngredients\r\nTHIS CANDY CONTAINS SOME OR ALL OF THE FOLLOWING. INGREDIENTS: SUGAR, CORN SYRUP, PEANUT BUTTER, EVAPORATED MILK, MARGARINE, WALNUTS, PEANUTS, BUTTER, CHOCOLATE, CHOCOLATE LIQUOR, (PROCESSED WITH ALKALI) COCOA BUTTER, SOYA LECITHIN (AN EMULSIFIER), COCONUT OIL, SALT, VANILLA, ARTIFICIAL FLAVORINGS.\r\n',0,10.99,'Hall_s_Chocolate_Fudge_1_Pound_small_7093d2.jpg',NULL,NULL,0,0,'Hall_s_Chocolate_Fudge_1_Pound_big_bec5ba.jpg',0,NULL,NULL,NULL,NULL,NULL,NULL,NULL,NULL,NULL,NULL,NULL,1,1,NULL),(79,19,'\r\nHealthWorks Pesticide and Chemical Free Chia Seeds 2 Pounds\r\n','\r\nLooking for superfoods to keep you healthy and strong? Chia seeds are packed with nutrients, protein, calcium, Omega fatty acids, and fiber. Native Americans found that when you hydrate Chia seeds with the water, the shells open up and the seeds absorb the water. The result is Chia Seed Gel - a super hydrating, filling, and endurance-building gel that contains 90% soluble fiber (great for the digestive track). You can also use these little seeds in baked goods, salads, smoothies, stir-fries, as a thickener in sauces, and an egg replacement in baking. We offer a 100% Satisfaction Guarantee -- get a full refund or replacement within 30 days if you are not completely satisfied.\r\n',0,13,'HealthWorks_Pesticide_and_Chemical_Free_Chia_Seeds_2_Pounds_small_ea8988.jpg',NULL,NULL,0,0,'HealthWorks_Pesticide_and_Chemical_Free_Chia_Seeds_2_Pounds_big_20e0c6.jpg',0,NULL,NULL,NULL,NULL,NULL,NULL,NULL,NULL,NULL,NULL,NULL,1,1,NULL),(80,19,'\r\nHealthworks Raw Certified Organic Cacao Powder, 1 lb\r\n','\r\nSatisfy chocolate cravings and support health with raw cacao powder. Our cacao is 100% pure, raw, and organic and packed with vitamins, minerals and antioxidants. Think dark chocolate, but healthier. We source from small, organic farms in Peru, where the cacao beans are hand harvested, cold pressed, and carefully milled into fine powder. This process retains the cacao\'s authentic, rich, bitter-toned flavor and high nutritional value, while the powder form allows for maximum digestion and absorption (and super-deliciousness when added to shakes, smoothies, and baked goods). We love our cacao and stand behind it with a 100% Satisfaction Guarantee -- get a full refund or replacement within 30 days if you are not completely satisfied.\r\n',0,11,'Healthworks_Raw_Certified_Organic_Cacao_Powder_1_lb_small_545547.jpg',NULL,NULL,0,0,'Healthworks_Raw_Certified_Organic_Cacao_Powder_1_lb_big_dfc6c4.jpg',0,NULL,NULL,NULL,NULL,NULL,NULL,NULL,NULL,NULL,NULL,NULL,1,1,NULL),(81,19,'\r\nNative Forest Organic Classic Coconut Milk, 13.5-Ounce Cans (Pack of 12)\r\n','\r\nA staple of Thai, Indian and Caribbean cuisines, Native Forest® Classic Organic Coconut Milk imparts rich and creamy goodness to wonderful regional dishes. In Thailand, devoted farmers are proud to have achieved organic certification of their traditional coconut crop. While organic coconuts are generally smaller than their conventional counterparts, organically managed trees are more robust and drought-resistant, and their soil is more rich and moisture retentive. The first pressing of the fresh organic coconut meat yields an oil-rich extract that is mixed only with filtered water and a tiny amount (less than 1%) of guar gum from the seeds of the guar plant. The result is Native Forest® Classic Organic Coconut Milk, a delicious ingredient in soups, curries, sauces, desserts, and beverages. It may also replace dairy milk or cream in some of your favorite American recipes with excellent results.\r\n',0,30,'Native_Forest_Organic_Classic_Coconut_Milk_small_d786aa.jpg',NULL,NULL,0,0,'Native_Forest_Organic_Classic_Coconut_Milk_big_b3239a.jpg',0,NULL,NULL,NULL,NULL,NULL,NULL,NULL,NULL,NULL,NULL,NULL,1,1,NULL),(82,19,'\r\nTraditional Medicinals Organic Mother\'s Milk, 16-Count Boxes, .99 Ounce (Pack of 6)\r\n','\r\nMothers Milk\r\nHerbal Power - Traditionally used to help nursing mothers with breast milk production*\r\nTaste - Sweet, spicy, slightly bitter with a distinct licorice-like taste\r\nReason to Love\r\nWhile your bundle of joy is probably causing you no end of delight, moms can also feel overwhelmed and tired, especially when it comes to breastfeeding. We love the fact that this herbal tea has traditionally been used to help mothers support their production of breast milk and to promote healthy lactation.* With herbs like fennel, anise (which give the tea a sweet, licorice-like taste), coriander and fenugreek, each sip is like stepping into a tradition that has been passed down from woman to woman for hundreds of years.\r\nWe\'ve Got the Right Stuff\r\nThe herbs in this tea—fennel, anise, coriander, fenugreek, and blessed thistle—are galactagogues, which has nothing at all to do with their reputation for space travel and everything to do with their power to promote healthy lactation.* The term galactagogue comes from the Greek word “galactos,” meaning “milk” and “agogue,” which means “bringer of.” Women have been successfully using these herbs for centuries to help them breastfeed.\r\n',0,21.54,'Traditional_Medicinals_Organic_Mother_s_Milk_small_307e63.jpg',NULL,NULL,0,0,'Traditional_Medicinals_Organic_Mother_s_Milk_big_03515a.jpg',0,NULL,NULL,NULL,NULL,NULL,NULL,NULL,NULL,NULL,NULL,NULL,1,1,NULL),(83,19,'\r\nVita Coco Coconut Water, 11.1 Ounce (Pack of 12)\r\n','\r\nAbout the Brand\r\nThe Vita Coco brand launched in 2004 and was initially sold only in health food stores. By 2006, the brand broke through into mainstream groceries and was selling in over 3,000 retail doors nationwide. Today, Vita Coco is now sold in over 5,000 retail doors nationwide.\r\nProduct Description\r\nNot so long ago, you had to use a machete if you wanted a sip of pure coconut water. We’ve taken the machete out of the equation, which is good, because those things are dangerous. Now all that’s left is Mother Nature’s most hydrating, refreshing, vitamin- and mineral-rich nectar. Vita Coco is never made from concentrate. That means we pick, crack, and pack fresh young coconuts directly at the source. After the coconuts are cleaned, the delicate water inside is flash pasteurized (and occasionally mixed with all-natural fruit puree) then poured into a shelf-stable Tetra Pak. The entire process from tree to Pak doesn\'t exceed 72 hours. We hear the end result is a lot like sticking a straw in a coconut.\r\n',0,15.5,'Vita_Coco_Coconut_Water_small_a00750.jpg',NULL,NULL,0,0,'Vita_Coco_Coconut_Water_big_5ffe53.jpg',0,NULL,NULL,NULL,NULL,NULL,NULL,NULL,NULL,NULL,NULL,NULL,1,1,NULL),(84,19,'\r\nViva Labs #1 Organic Extra Virgin Coconut Oil\r\n','\r\nThe #1 Coconut Oil for Freshness and Purity\r\n\r\nEvery coconut that goes into Viva Labs Coconut Oil is hand-picked at its peak for optimal freshness and nutritional value. USDA certified organic, non-GMO project verified, non-hexane and free of bleach or deodorizers, our coconut oil is the pure choice to suit your natural lifestyle. Can be used as a dietary supplement, for cooking, baking and as part of your natural beauty routine.\r\n\r\nUses of Viva Labs Coconut Oil:\r\n\r\nDietary Supplementation: Take 1-4 tablespoons per day for best results.\r\n\r\nCooking: Excellent for cooking up to 350°F. Can be used as a dairy-free alternative to butter in baking and all of your favorite foods.\r\n\r\nSkin Care: Can be used as a luxurious body moisturizer. Especially helpful for dry, rough elbows and heels.\r\n\r\nHair Care: Makes an all-natural, restorative hair mask, adding hydration, gloss and manageability.\r\n\r\nHealth Benefits of Viva Labs Coconut Oil:\r\n\r\nRich in Medium-Chain Triglycerides (MCTs): Rich in Medium-Chain Triglycerides (MCTs): MCTs are a unique form of fatty acids that are used by the body as a source of energy and have been shown to be beneficial in helping to maintain a healthy weight, increase stamina and promote healthy metabolism of nutrients.\r\n\r\nPure: Certified organic, non-GMO and cold-pressed to retain all of its natural health benefits, our coconut oil delivers delicious taste, aroma and health-promoting properties in the cleanest form possible.\r\n',0,12.95,'Viva_Labs_1_Organic_Extra_Virgin_Coconut_Oil_small_c5912d.jpg',NULL,NULL,0,0,'Viva_Labs_1_Organic_Extra_Virgin_Coconut_Oil_big_b37655.jpg',0,NULL,NULL,NULL,NULL,NULL,NULL,NULL,NULL,NULL,NULL,NULL,1,1,NULL),(85,21,'\r\nGerber Unisex-Baby Newborn 3 Pack Interlock Dribbler Bibs - Elephant\r\n','\r\n100% cotton\r\nImported\r\nMachine Wash\r\nMade of 100 percent cotton interlock for softness\r\nSoft neck closure for a great fit\r\nApplique and embroidery details\r\nMachine wash and tumble dry\r\n',0,8,'Gerber_Unisex_Baby_Newborn_3_Pack_Interlock_Dribbler_Bibs_Elepha_small_5366e1.jpg',NULL,NULL,0,0,'Gerber_Unisex_Baby_Newborn_3_Pack_Interlock_Dribbler_Bibs_Elepha_big_e6f7ce.jpg',0,NULL,NULL,NULL,NULL,NULL,NULL,NULL,NULL,NULL,NULL,NULL,1,1,NULL),(86,21,'\r\nHello Kitty Baby Baby-Girls Infant Grey Heather 2 Piece Legging Set\r\n','\r\n100% Baby French Terry\r\nImported\r\nMachine Wash\r\nTunic, yarn dyed heathered baby French terry. Single sided plush trim. Printed interlock bows. Ring snaps.\r\nLegging, printed interlock. Elastic.\r\n',0,25,'Hello_Kitty_Baby_Baby_Girls_Infant_Grey_Heather_2_Piece_Legging__small_fe0ee2.jpg',NULL,NULL,0,0,'Hello_Kitty_Baby_Baby_Girls_Infant_Grey_Heather_2_Piece_Legging__big_10b9b7.jpg',0,NULL,NULL,NULL,NULL,NULL,NULL,NULL,NULL,NULL,NULL,NULL,1,1,NULL),(87,21,'\r\nMaclaren BMW Buggy Stroller, Silver\r\n','\r\n5-point harness with BMW insignia buckle keep child safe and comfortable, includes a removable, ergonomic bucket seat liner for cushioned comfort\r\nCarry strap, foot-operated linked brakes, lockable front swivel wheels, one-hand, compact umbrella fold, carry strap foot-operated linked brakes, lockable front swivel wheels\r\nOne-hand, compact umbrella fold, high performance aluminum chassis, removable washable seat fabric\r\n',0,385,'Maclaren_BMW_Buggy_Stroller_Silver_small_f7541b.jpg',NULL,NULL,0,0,'Maclaren_BMW_Buggy_Stroller_Silver_big_542f10.jpg',0,NULL,NULL,NULL,NULL,NULL,NULL,NULL,NULL,NULL,NULL,NULL,1,1,NULL),(88,21,'\r\nSpaSilk Unisex-Baby Newborn 3 Pack 100% Cotton Burp Cloths\r\n','\r\n100% cotton\r\nMachine Wash\r\n100% cotton\r\n12 inch x 17 inch\r\nDouble layer\r\nAbsorbent and soft\r\nMultiple uses\r\n',0,9,'SpaSilk_Unisex_Baby_Newborn_3_Pack_100_Cotton_Burp_Cloths_small_1543ca.jpg',NULL,NULL,0,0,'SpaSilk_Unisex_Baby_Newborn_3_Pack_100_Cotton_Burp_Cloths_big_5a9681.jpg',0,NULL,NULL,NULL,NULL,NULL,NULL,NULL,NULL,NULL,NULL,NULL,1,1,NULL),(89,21,'\r\nVTech Communications Safe and Sound 2 Camera Video and Audio Baby Monitor\r\n','\r\nHigh-resolution 2.8\" Color LCD\r\n1,000 feet of range\r\nAutomatic infrared night vision\r\nFull Motion video- 22 frames per second\r\n',0,160,'VTech_Communications_Safe_and_Sound_2_Camera_Video_and_Audio_Bab_small_3baa6b.jpg',NULL,NULL,0,0,'VTech_Communications_Safe_and_Sound_2_Camera_Video_and_Audio_Bab_big_8b6034.jpg',0,NULL,NULL,NULL,NULL,NULL,NULL,NULL,NULL,NULL,NULL,NULL,1,1,NULL),(90,22,'\r\nBatman Kids\' BAT4045 \"Batman\" Watch \r\n','\r\nRound silver-tone watch with Batman logo on dial and rubber link band\r\nQuartz movement with digital display\r\nProtective glass crystal dial window\r\nFeatures buckle closure\r\nNot water resistant\r\n',0,10,'Batman_Kids_BAT4045_Batman_Watch_small_bf0b5b.jpg',NULL,NULL,0,0,'Batman_Kids_BAT4045_Batman_Watch_big_d2627c.jpg',0,NULL,NULL,NULL,NULL,NULL,NULL,NULL,NULL,NULL,NULL,NULL,1,1,NULL),(91,22,'\r\ncrocs Kids Classic Clog (Toddler/Little Kid)\r\n','\r\n100% Croslite\r\nSynthetic sole\r\nImported\r\n',0,20,'crocs_Kids_Classic_Clog_small_3e57a5.jpg',NULL,NULL,0,0,'crocs_Kids_Classic_Clog_big_f6aac3.jpg',0,NULL,NULL,NULL,NULL,NULL,NULL,NULL,NULL,NULL,NULL,NULL,1,1,NULL),(92,22,'\r\nDakine Mission Backpack\r\n','\r\nThree exterior side zipper pocket\r\nExterior back zipper pocket\r\nLarge front exterior zipper pocket with interior zipper pocket and two multi-function pockets\r\nInterior multi-function pocket\r\nHandle has a drop of 1.25\" and length of 6\"\r\nShoulder strap length: 44\"\r\n',0,55,'Dakine_Mission_Backpack_small_70059a.jpg',NULL,NULL,0,0,'Dakine_Mission_Backpack_big_beed67.jpg',0,NULL,NULL,NULL,NULL,NULL,NULL,NULL,NULL,NULL,NULL,NULL,1,1,NULL),(93,22,'\r\nThe Flash Classic Logo Men\'s T-shirt\r\n','\r\n00% Cotton\r\nThe Flash Classic Logo Men\'s T-shirt\r\n',0,15,'The_Flash_Classic_Logo_Men_s_T_shirt_small_09eae2.jpg',NULL,NULL,0,0,'The_Flash_Classic_Logo_Men_s_T_shirt_big_b7ca2b.jpg',0,NULL,NULL,NULL,NULL,NULL,NULL,NULL,NULL,NULL,NULL,NULL,1,1,NULL),(94,22,'\r\nU.S. Polo Assn. Boy\'s Classic Fleece Hooded Jacket with Sherpa Lining\r\n','\r\n70% Cotton/30% Polyester\r\nMade in US\r\nMachine Wash\r\nFront-zip hoodie featuring sherpa lining and contrast stitched applique at front and sleeve\r\nSplit kangaroo pocket\r\nRibbed cuffs and hem\r\n',0,30,'U_S_Polo_Assn_Boy_s_Classic_Fleece_Hooded_Jacket_with_Sherpa_Lin_small_84b3f7.jpg',NULL,NULL,0,0,'U_S_Polo_Assn_Boy_s_Classic_Fleece_Hooded_Jacket_with_Sherpa_Lin_big_75aa2f.jpg',0,NULL,NULL,NULL,NULL,NULL,NULL,NULL,NULL,NULL,NULL,NULL,1,1,NULL),(95,23,'\r\nDisney Beads Stainless Steel Starter Bracelet with Bead Charm and 2 Stoppers\r\n','\r\nStart your Disney charm bracelet off with this stainless steel chain whose heart shape charm reminds the wearer that, yes, dreams do come true.\r\nLobster claw clasp\r\nSnake chain\r\nSmall/Medium fits most girls and Large/Extra Large fits most women\r\nImported\r\n',0,30,'Disney_Beads_Stainless_Steel_Starter_Bracelet_with_Bead_Charm_an_small_c83a8c.jpg',NULL,NULL,0,0,'Disney_Beads_Stainless_Steel_Starter_Bracelet_with_Bead_Charm_an_big_b73063.jpg',0,NULL,NULL,NULL,NULL,NULL,NULL,NULL,NULL,NULL,NULL,NULL,1,1,NULL),(96,23,'\r\nDisney Princess Sterling Silver Pink Crown Shaped Stud Earrings\r\n','\r\nStore in gift box when not in use\r\nOfficially licensed by Disney\r\nEarring backs are hypoallergenic and made of surgical steel\r\n',0,18,'Disney_Princess_Sterling_Silver_Pink_Crown_Shaped_Stud_Earrings_small_96f646.jpg',NULL,NULL,0,0,'Disney_Princess_Sterling_Silver_Pink_Crown_Shaped_Stud_Earrings_big_728bcf.jpg',0,NULL,NULL,NULL,NULL,NULL,NULL,NULL,NULL,NULL,NULL,NULL,1,1,NULL),(97,23,'\r\nFrench Toast Girls Ribbon Jumper\r\n','\r\nMachine wash, Imported\r\nPleated Hem Jumper(Size 7-14)\r\n',0,15,'French_Toast_Girls_Ribbon_Jumper_small_e47274.jpg',NULL,NULL,0,0,'French_Toast_Girls_Ribbon_Jumper_big_745359.jpg',0,NULL,NULL,NULL,NULL,NULL,NULL,NULL,NULL,NULL,NULL,NULL,1,1,NULL),(98,23,'\r\nJanSport Superbreak Backpack\r\n','\r\nShoulder strap length: 30\"\r\nHandle has a drop of 4\" and a length of 11\"\r\n',0,30,'JanSport_Superbreak_Backpack_small_f7f49d.jpg',NULL,NULL,0,0,'JanSport_Superbreak_Backpack_big_0136b5.jpg',0,NULL,NULL,NULL,NULL,NULL,NULL,NULL,NULL,NULL,NULL,NULL,1,1,NULL),(99,23,'\r\nPippa & Julie Big Girls\' Sequin V Neck Dress\r\n','\r\n100% Polyester\r\nImported\r\nHand Wash\r\nEmpire waist dress with sequined top and glittery lined skirt\r\nTiny bow at front with oversized back bow\r\nZipper entry\r\n',0,52,'Pippa_Julie_Big_Girls_Sequin_V_Neck_Dress_small_0b446d.jpg',NULL,NULL,0,0,'Pippa_Julie_Big_Girls_Sequin_V_Neck_Dress_big_f636bf.jpg',0,NULL,NULL,NULL,NULL,NULL,NULL,NULL,NULL,NULL,NULL,NULL,1,1,NULL),(100,24,'\r\nCasio Men\'s MQ24-1E Black Resin Watch\r\n','\r\nMade in USA and Imported\r\nSimple and versatile, this Casio watch features a minimalist design and black and gold color scheme, making it ideal for many occasions.\r\nQuartz movement with analog display\r\nResin glass dial window\r\nGold-tone hands and dial markers\r\n',0,15,'Casio_Men_s_MQ24_1E_Black_Resin_Watch_small_6a49b6.jpg',NULL,NULL,0,0,'Casio_Men_s_MQ24_1E_Black_Resin_Watch_big_650ec1.jpg',0,NULL,NULL,NULL,NULL,NULL,NULL,NULL,NULL,NULL,NULL,NULL,1,1,NULL),(101,24,'\r\nDiesel Men\'s Sleenker Skinny-Leg Jean 0608D\r\n','\r\n98% Cotton/2% Elastane\r\nImported\r\nHand Wash\r\nSuper performance stretch in super dark green cast with normal finish\r\n5 Pocket Design\r\n',0,238,'Diesel_Men_s_Sleenker_Skinny_Leg_Jean_0608D_small_ac8841.jpg',NULL,NULL,0,0,'Diesel_Men_s_Sleenker_Skinny_Leg_Jean_0608D_big_9fbb9c.jpg',0,NULL,NULL,NULL,NULL,NULL,NULL,NULL,NULL,NULL,NULL,NULL,1,1,NULL),(102,24,'\r\nNew Balance Men\'s ML515 Classic Running Shoe\r\n','\r\nTextile/Synthetic\r\nImported\r\nSynthetic sole\r\nClassically cool sneaker with asymmetric suede overlays and double layer \"N\" logo\r\nEVA midsole with removable sockliner\r\nExternal heel counter\r\n',0,50,'New_Balance_Men_s_ML515_Classic_Running_Shoe_small_ea8b8e.jpg',NULL,NULL,0,0,'New_Balance_Men_s_ML515_Classic_Running_Shoe_big_8b46be.jpg',0,NULL,NULL,NULL,NULL,NULL,NULL,NULL,NULL,NULL,NULL,NULL,1,1,NULL),(103,24,'\r\nRay-Ban Aviator Non-Polarized Sunglasses\r\n','\r\nEvery model in the Ray-Ban collection is the product of meticulous, original styling that translates the best of the latest fashion trends into an ever-contemporary look for millions of Ray-Ban wearers around the world.\r\nRay-Ban sizes refer to the width of one lens in millimeters.\r\nRay-Ban products sold by authorized sellers, like Amazon.com, are eligible for all manufacturer warranties and guarantees.\r\nProtective case included, cases come in a variety of colors.\r\nLenses are prescription-ready (Rx-able).\r\nMade in Italy or China.\r\nRay-Ban products include an etched \"RB\" on the left lens. The RB is not a scratch or defect.\r\nThe shape and curvature of these sunglasses may need adjustments. Adjustments should only be made by a professional.\r\n',0,150,'Ray_Ban_Aviator_Non_Polarized_Sunglasses_small_2a2026.jpg',NULL,NULL,0,0,'Ray_Ban_Aviator_Non_Polarized_Sunglasses_big_78ef2b.jpg',0,NULL,NULL,NULL,NULL,NULL,NULL,NULL,NULL,NULL,NULL,NULL,1,1,NULL),(104,24,'\r\nTommy Hilfiger Men\'s Ranger Passcase Wallet\r\n','\r\n100% Cowhide Leather\r\nBifold wallet featuring embossed logo on pebbled strip and a removable pass holder with ID window\r\nOne bill compartment and six card slots\r\n',0,21,'Tommy_Hilfiger_Men_s_Ranger_Passcase_Wallet_small_c5ae2b.jpg',NULL,NULL,0,0,'Tommy_Hilfiger_Men_s_Ranger_Passcase_Wallet_big_f5d63a.jpg',0,NULL,NULL,NULL,NULL,NULL,NULL,NULL,NULL,NULL,NULL,NULL,1,1,NULL),(105,25,'\r\nFrench Connection Women\'s Penny Dress Sandal\r\n','\r\n100% Leather\r\nImported\r\nSynthetic sole\r\nShaft measures approximately 5.5\" from arch\r\nHeel measures approximately 3.5\"\r\nBoot opening measures approximately 9\" around\r\nMod dress sandal with closed ankle casing and block heel\r\n',0,90,'French_Connection_Women_s_Penny_Dress_Sandal_small_77b5b6.jpg',NULL,NULL,0,0,'French_Connection_Women_s_Penny_Dress_Sandal_big_ff8c5d.jpg',0,NULL,NULL,NULL,NULL,NULL,NULL,NULL,NULL,NULL,NULL,NULL,1,1,NULL),(106,25,'\r\nJoe\'s Jeans Women\'s High-Rise Skinny Jean In Isadora\r\n','\r\n35% Lyocell/35% Cotton/28% Polyester/2% Elastane\r\nImported\r\nMachine Wash\r\nHigh-rise dark-blue skinnies featuring five-pocket styling and tonal stitching\r\nZip fly with button\r\n9.5-ounce stretch denim\r\n',0,172,'Joe_s_Jeans_Women_s_High_Rise_Skinny_Jean_In_Isadora_small_36d6b3.jpg',NULL,NULL,0,0,'Joe_s_Jeans_Women_s_High_Rise_Skinny_Jean_In_Isadora_big_550ff4.jpg',0,NULL,NULL,NULL,NULL,NULL,NULL,NULL,NULL,NULL,NULL,NULL,1,1,NULL),(107,25,'\r\nKate Spade New York Women\'s Gramercy Grand \r\n','\r\nA mesmerizing, pearly bezel and center links provide an elegant complement to the mother-of-pearl dial in Kate Spade\'s \"Gramercy\" watch.\r\nJapanese Quartz movement with analog display\r\nProtective mineral crystal dial window\r\nFeatures deployment buckle, mother-of-pearl dial\r\nNot water resistant\r\n',0,188.5,'Kate_Spade_New_York_Women_s_Gramercy_Grand_small_29012d.jpg',NULL,NULL,0,0,'Kate_Spade_New_York_Women_s_Gramercy_Grand_big_03e437.jpg',0,NULL,NULL,NULL,NULL,NULL,NULL,NULL,NULL,NULL,NULL,NULL,1,1,NULL),(108,25,'\r\nLodis Audrey Annalyse Top Handle Bag\r\n','\r\n100% Leather\r\nImported\r\ncotton lining\r\nzipper closure\r\nVersatile EW tote fits all your media essentials:13 laptop, tablet, phone, and more.\r\nFeatures: drop in zipper closure, shiny nickel hardware, detachable adjustable shoulder strap, exterior open tablet pocket, main zip compartment fits 13 laptop, interior pocket with removable cord pouch, 2 interior media organizational pockets, 1 interior zip pocket\r\n',0,300,'Lodis_Audrey_Annalyse_Top_Handle_Bag_small_044d7a.jpg',NULL,NULL,0,0,'Lodis_Audrey_Annalyse_Top_Handle_Bag_big_55249c.jpg',0,NULL,NULL,NULL,NULL,NULL,NULL,NULL,NULL,NULL,NULL,NULL,1,1,NULL),(109,25,'\r\nVia Spiga Women\'s Chic Wool Walking Coat with Gold Hardware\r\n','\r\n60% Wool/30% Polyester/10% Viscose\r\nImported\r\nDry Clean Only\r\n33 inch center back length\r\nStand collar\r\nFront zip closure\r\nFaux leather detail at waist\r\nZip front pockets\r\n',0,200,'Via_Spiga_Women_s_Chic_Wool_Walking_Coat_with_Gold_Hardware_small_1ec431.jpg',NULL,NULL,0,0,'Via_Spiga_Women_s_Chic_Wool_Walking_Coat_with_Gold_Hardware_big_67bf9a.jpg',0,NULL,NULL,NULL,NULL,NULL,NULL,NULL,NULL,NULL,NULL,NULL,1,1,NULL),(110,27,'\r\nDJI Battery for Phantom 2 and Phantom 2 Vision (Two Pack)\r\n','\r\n5,200 mAh\r\n25-28 minutes of run-time on a single charge\r\nAdvanced charging and fail-safe circuitry built-in\r\n',0,258,'DJI_Battery_for_Phantom_2_and_Phantom_2_Vision_Two_Pack__small_100901.jpg',NULL,NULL,0,0,'DJI_Battery_for_Phantom_2_and_Phantom_2_Vision_Two_Pack__big_904f51.jpg',0,NULL,NULL,NULL,NULL,NULL,NULL,NULL,NULL,NULL,NULL,NULL,1,1,NULL),(111,27,'\r\nGoPro Chest Mount Harness for HERO Cameras\r\n','\r\nLets you wear all GoPro cameras (except Digital HERO 5 Wrist Camera) on your chest\r\nComfortable, fully-adjustable design fits all shapes and sizes, including over large jackets\r\nPerfect mount for skiing, kayaking, biking, motocross, equestrian and other action sports\r\nLets you capture your knees & skis on the slopes, or your bike frame & handlebars\r\nEasy way to share the filming with your friends\r\nLets you wear all GoPro cameras (except Digital HERO 5 Wrist Camera) on your chest\r\nComfortable, fully-adjustable design fits all shapes and sizes, including over large jackets\r\n',0,30,'GoPro_Chest_Mount_Harness_for_HERO_Cameras_small_c7c7fc.jpg',NULL,NULL,0,0,'GoPro_Chest_Mount_Harness_for_HERO_Cameras_big_141f1d.jpg',0,NULL,NULL,NULL,NULL,NULL,NULL,NULL,NULL,NULL,NULL,NULL,1,1,NULL),(112,27,'\r\nGoPro HERO3+: Black Edition\r\n','\r\n20% smaller and lighter housing (waterproof to 131\'/40m)\r\n33% improved image sharpness and reduced distortion\r\nFaster built in Wi-Fi for enhanced connectivity to the Wi-Fi Remote (included) and GoPro App\r\nSuper View video mode captures the world\"s most immersive wide angle perspective\r\n30% longer battery life\r\n',0,400,'GoPro_HERO3_Black_Edition_small_62b281.jpg',NULL,NULL,0,0,'GoPro_HERO3_Black_Edition_big_0f2f72.jpg',0,NULL,NULL,NULL,NULL,NULL,NULL,NULL,NULL,NULL,NULL,NULL,1,1,NULL),(113,27,'\r\nPanasonic LUMIX DMC-GH4KBODY 16.05MP Digital Single Lens Mirrorless Camera with 4K Cinematic Video (Body Only)\r\n','\r\nProfessional photo performance with exceptional moiré suppression\r\n4K 24p cinematic video (4096x2160), plus 4K 3840x2160 30p/24p\r\nHigh speed 49 area auto focusing in photo or video, perfect for hybrid photography\r\nDurable magnesium alloy body and exceptional shutter life meets the demands of professional use\r\n',0,850,'Panasonic_LUMIX_DMC_GH4KBODY_16_05MP_Digital_Single_Lens_Mirrorl_small_33ef9c.jpg',NULL,NULL,0,0,'Panasonic_LUMIX_DMC_GH4KBODY_16_05MP_Digital_Single_Lens_Mirrorl_big_7e8aa4.jpg',0,NULL,NULL,NULL,NULL,NULL,NULL,NULL,NULL,NULL,NULL,NULL,1,1,NULL),(114,27,'\r\nSamsung F90 White Camcorder with 2.7\" LCD Screen and HD Video Recording\r\n','\r\n52x Optical Zoom\r\n720p HD Video\r\n5MP Still Images\r\n',0,150,'Samsung_F90_White_Camcorder_with_2_7_LCD_Screen_and_HD_Video_Rec_small_3c5aa2.jpg',NULL,NULL,0,0,'Samsung_F90_White_Camcorder_with_2_7_LCD_Screen_and_HD_Video_Rec_big_3fefae.jpg',0,NULL,NULL,NULL,NULL,NULL,NULL,NULL,NULL,NULL,NULL,NULL,1,1,NULL),(115,28,'\r\nBoss Audio Systems CH6530 Chaos Series 6.5-Inch 3-Way Speaker\r\n','\r\nSpeakers\r\nCoaxial Speakers\r\n30 oz. Magnet Structure\r\n1/2\" PIEZO Dome Tweeter\r\n300 Watts Peak Power\r\nPoly Injection Cone\r\n30 oz. Magnet Structure\r\nFreq. Response 100Hz-18Hz\r\n',0,20,'Boss_Audio_Systems_CH6530_Chaos_Series_6_5_Inch_3_Way_Speaker_small_b15050.jpg',NULL,NULL,0,0,'Boss_Audio_Systems_CH6530_Chaos_Series_6_5_Inch_3_Way_Speaker_big_84ed07.jpg',0,NULL,NULL,NULL,NULL,NULL,NULL,NULL,NULL,NULL,NULL,NULL,1,1,NULL),(116,28,'\r\nEscort Passport 9500ix Radar/Laser Detector (Blue Display)\r\n','\r\nCrystal-clear voice alerts and high resolution display\r\nVariable speed radar performance\r\nAutoLearn intelligence and user-selectable preferences\r\nSafety warning system and brightness controls\r\nComes fully equiped with a Comprehensive owner\'s manual, quick-release windshield mount, coiled SmartCord, quick reference card\r\nEscort TOP OF THE LINE RADAR 499.95 MA\r\n',0,420,'Escort_Passport_9500ix_Radar_small_37e80a.jpg',NULL,NULL,0,0,'Escort_Passport_9500ix_Radar_big_a51be5.jpg',0,NULL,NULL,NULL,NULL,NULL,NULL,NULL,NULL,NULL,NULL,NULL,1,1,NULL),(117,28,'\r\nGarmin 12-Volt Adapter Cable\r\n','\r\n12V Adapter Cable For Streetpilot C530\r\nCompatible with nuvi 5000, 800 series, 600 series, zumo series.\r\n',0,12,'Garmin_12_Volt_Adapter_Cable_small_1c1afa.jpg',NULL,NULL,0,0,'Garmin_12_Volt_Adapter_Cable_big_fee9da.jpg',0,NULL,NULL,NULL,NULL,NULL,NULL,NULL,NULL,NULL,NULL,NULL,1,1,NULL),(118,28,'\r\nPioneer AVHX1600DVD USB DVD Mixtrax WVGA Touchscreen 6.1-Inch Player\r\n','\r\nPioneer USB DVD Mixtrax VGA 6.1\" double din\r\nUSB DVD Mixtrax VGA 6.1\"\r\n6.1\" DVD\r\n',0,180,'Pioneer_AVHX1600DVD_USB_DVD_Mixtrax_WVGA_Touchscreen_6_1_Inch_Pl_small_6e823b.jpg',NULL,NULL,0,0,'Pioneer_AVHX1600DVD_USB_DVD_Mixtrax_WVGA_Touchscreen_6_1_Inch_Pl_big_7104d4.jpg',0,NULL,NULL,NULL,NULL,NULL,NULL,NULL,NULL,NULL,NULL,NULL,1,1,NULL),(119,28,'\r\nPyle PLDN74BTI 7-Inch Double-DIN TFT Touchscreen \r\n','\r\nDVD/VCD/MPEG4/MP3/CD/CD-RW Compatible - Auto Store/Preset Scan - Resolution: 1440 x 234 Pixels: Brightness: 200 cd/m2 - LO/DX & ST/MO Selector - Selectable View Angle - Rear Camera Output, Parking Video Input\r\nMotorized Slide Down Front Panel - AM/FM-MPX 2 Band Radio - On screen Display: Title. Time, Chapter, Subtitle - Repeat/Intro/Random - A/V Input & A/V Output - 320 Watts (4 x 80W)\r\nTreble/Bass/Balance/Fader/Encoder Volume - 30 Station Memory (18FM /12AM) - Double-DIN Chassis - Clock Function, Mute Control - SD/MMC Card, USB Connector - Last Position Memory\r\n',0,140,'Pyle_PLDN74BTI_7_Inch_Double_DIN_TFT_Touchscreen_small_ec38e2.jpg',NULL,NULL,0,0,'Pyle_PLDN74BTI_7_Inch_Double_DIN_TFT_Touchscreen_big_db8572.jpg',0,NULL,NULL,NULL,NULL,NULL,NULL,NULL,NULL,NULL,NULL,NULL,1,1,NULL),(120,29,'\r\nApple EarPods with Remote and Mic\r\n','\r\nEnhanced Bass Response\r\nResistant to Sweat and Water Damage\r\nControl Music and Video Playback\r\nAnswer and End Calls\r\n',0,13,'Apple_EarPods_with_Remote_and_Mic_small_146f42.jpg',NULL,NULL,0,0,'Apple_EarPods_with_Remote_and_Mic_big_83a3f4.jpg',0,NULL,NULL,NULL,NULL,NULL,NULL,NULL,NULL,NULL,NULL,NULL,1,1,NULL),(121,29,'\r\nApple iPhone 5s, Gold 16GB (Unlocked)\r\n','\r\n4.0-inch Retina display\r\nA7 chip with M7 motion coprocessor\r\nTouch ID fingerprint sensor\r\n8MP iSight camera with True Tone flash and 1080p HD video recording\r\nUnlocked cell phones are compatible with GSM carriers like AT&T and T-Mobile as well as with GSM SIM cards (e.g. H20 and select prepaid carriers). Unlocked cell phones will not work with CDMA Carriers like Sprint, Verizon, Boost or Virgin.\r\n',0,640,'Apple_iPhone_5s_Gold_16GB_Unlocked__small_26135b.jpg',NULL,NULL,0,0,'Apple_iPhone_5s_Gold_16GB_Unlocked__big_1cf356.jpg',0,NULL,NULL,NULL,NULL,NULL,NULL,NULL,NULL,NULL,NULL,NULL,1,1,NULL),(122,29,'\r\nLG Electronics HBS-730 Tone+ Stereo Bluetooth Headset - Retail Packaging - White\r\n','\r\nLG Tone+ delivers enhanced audio and bass response and a host of calling features in a sleek, comfortable design\r\nBuilt in apt-X technology reproduces CD quality sound over a Bluetooth connection\r\n10 hours of listening/15 hours of talk time provide all day connectivity\r\nText Message reading through LG\"s BT reader Application for Android OS\r\n',0,49,'LG_Electronics_HBS_730_Tone_Stereo_Bluetooth_Headset_Retail_Pack_small_9b5a02.jpg',NULL,NULL,0,0,'LG_Electronics_HBS_730_Tone_Stereo_Bluetooth_Headset_Retail_Pack_big_fa2fab.jpg',0,NULL,NULL,NULL,NULL,NULL,NULL,NULL,NULL,NULL,NULL,NULL,1,1,NULL),(123,29,'\r\nMoon Monkey Diamond Crystal Bling Aluminum Metal Bumper Hard Gold Case Cover for Iphone 5 5s (Pink) (\r\n','\r\n3 Layers Of Protection\r\nSilicon Outside To Protect From Drops\r\nPort Covers To Keep Out Dirt\r\nHard Plastic Shell\r\nScreen Protecter To Keep Screen Brand New\r\n',0,1,'Moon_Monkey_Diamond_Crystal_Bling_Aluminum_Metal_Bumper_Hard_Gol_small_202fe4.jpg',NULL,NULL,0,0,'Moon_Monkey_Diamond_Crystal_Bling_Aluminum_Metal_Bumper_Hard_Gol_big_214741.jpg',0,NULL,NULL,NULL,NULL,NULL,NULL,NULL,NULL,NULL,NULL,NULL,1,1,NULL),(124,29,'\r\nPlantronics Voyager Legend Bluetooth Headset - Frustration-Free Packaging - Black\r\n','\r\nSmart Sensor technology intuitively directs calls to phone or headset pauses music for incoming calls allows automatic answer by simply placing the headset on your ear\r\nMulti microphones optimize voice and minimize noise caused by wind movement and background sounds\r\nTap the voice button to check battery level connection status or dial Vocalist* hear emails newsfeeds and more Say \"answer\" to accept a call or \"ignore\" to decline\r\nSeparate power mute and volume buttons provide easy access and control\r\nMagnetic snap?fit connection makes charging quick and easy Check battery level from your iPhone or use app to show meter on Android\r\n',0,81,'Plantronics_Voyager_Legend_Bluetooth_Headset_small_ffb1d1.jpg',NULL,NULL,0,0,'Plantronics_Voyager_Legend_Bluetooth_Headset_big_69f0ef.jpg',0,NULL,NULL,NULL,NULL,NULL,NULL,NULL,NULL,NULL,NULL,NULL,1,1,NULL),(125,30,'\r\nEtude ETR-100 Series Student Bb Trumpet Lacquer\r\n','\r\nFeatures a first-valve thumb saddle and an adjustable third-valve finger ring for easy intonation adjustment and player comfort\r\n',0,120,'Etude_ETR_100_Series_Student_Bb_Trumpet_Lacquer_small_79f197.jpg',NULL,NULL,0,0,'Etude_ETR_100_Series_Student_Bb_Trumpet_Lacquer_big_e587a3.jpg',0,NULL,NULL,NULL,NULL,NULL,NULL,NULL,NULL,NULL,NULL,NULL,1,1,NULL),(126,30,'\r\nFender Modern Player Jaguar Electric Bass Guitar, Maple Fingerboard - Black\r\n','\r\nWith P Bass® middle pickup and J Bass® bridge pickup, this bass offers great foundational tones and slinky, well-defined tones that remain present in the mix.\r\nWith a 9.5\" radius and 20 jumbo frets, this bass is made to play fast.\r\nSeparate neck and bridge volume controls and a master-tone control offer straight-forward access to a huge range of tones.\r\n',0,400,'Fender_Modern_Player_Jaguar_Electric_Bass_Guitar_Maple_Fingerboa_small_6fe1a5.jpg',NULL,NULL,0,0,'Fender_Modern_Player_Jaguar_Electric_Bass_Guitar_Maple_Fingerboa_big_3b0b64.jpg',0,NULL,NULL,NULL,NULL,NULL,NULL,NULL,NULL,NULL,NULL,NULL,1,1,NULL),(127,30,'\r\nToca 4611-3/4FR Custom Deluxe Fiberglass Conga - Red Sparkle\r\n','\r\nSeamless fiberglass drums have a larger bowl shape for deeper bass tones\r\n11-3/4\" Conga, 30\" tall\r\nDurable high-luster chrome hardware and EasyPlay hoop\r\nDrums have 6 lugs for greater tuning range\r\nMatched top grade natural bison heads\r\n',0,360,'Toca_4611_3_small_a52146.jpg',NULL,NULL,0,0,'Toca_4611_3_big_f7204b.jpg',0,NULL,NULL,NULL,NULL,NULL,NULL,NULL,NULL,NULL,NULL,NULL,1,1,NULL),(128,30,'\r\nApple iPhone 5s, Gold 16GB (Unlocked)\r\n','\r\n76 piano-style keys with Graded Soft Touch\r\nMore than double the speaker output (12 W vs. 5 W)\r\nFull keyboard Fingering Mode follows piano playing styles of music\r\nPerformance Assistant Technology features Chord/Free Mode in addition to Chord Mode\r\nMusic Database 300 keyboard setups by song title\r\n',0,249,'Yamaha_YPG_235_76_key_Portable_Grand_Graded_Action_USB_Keyboard_small_c10386.jpg',NULL,NULL,0,0,'Yamaha_YPG_235_76_key_Portable_Grand_Graded_Action_USB_Keyboard_big_70725f.jpg',0,NULL,NULL,NULL,NULL,NULL,NULL,NULL,NULL,NULL,NULL,NULL,1,1,NULL),(129,30,'\r\nYamaha YRS24B Soprano Recorder\r\n','\r\nYamaha; YRS24B; recorder\r\n',0,9,'Yamaha_YRS24B_Soprano_Recorder_small_b60375.jpg',NULL,NULL,0,0,'Yamaha_YRS24B_Soprano_Recorder_big_4b9166.jpg',0,NULL,NULL,NULL,NULL,NULL,NULL,NULL,NULL,NULL,NULL,NULL,1,1,NULL),(130,31,'\r\nBrother Printer MFC7360N Monochrome Printer with Scanner, Copier & Fax and built in Networking\r\n','\r\nPrint and copy up to 24ppm\r\nBuilt-in Ethernet network interface\r\n35-page capacity auto document feeder\r\nAdjustable, 250-sheet capacity paper tray, plus manual feed slot\r\nUp to 2400 x 600 dpi print resolution\r\n',0,130,'Brother_Printer_MFC7360N_Monochrome_Printer_with_Scanner_Copier__small_5bebe2.jpg',NULL,NULL,0,0,'Brother_Printer_MFC7360N_Monochrome_Printer_with_Scanner_Copier__big_078d9b.jpg',0,NULL,NULL,NULL,NULL,NULL,NULL,NULL,NULL,NULL,NULL,NULL,1,1,NULL),(131,31,'\r\nBrother Printer MFC9130CW Wireless All-In-One Color Printer with Scanner, Copier and Fax\r\n','\r\nPrint, Copy, Scan & Fax\r\nBlazing fast color/black printing - up to 19ppm\r\n3.7\" Color Touchscreen Display with WebConnect\r\nWireless 802.11b/g/n interface\r\nHigh-impact business printing, at up to 600 x 2400 dpi using Brother\'s Digital LED Print TechnologyImported.\r\n',0,299.99,'Brother_Printer_MFC9130CW_Wireless_All_In_One_Color_Printer_with_small_1afdc9.jpg',NULL,NULL,0,0,'Brother_Printer_MFC9130CW_Wireless_All_In_One_Color_Printer_with_big_47b9d4.jpg',0,NULL,NULL,NULL,NULL,NULL,NULL,NULL,NULL,NULL,NULL,NULL,1,1,NULL),(132,31,'\r\nDYMO 1752264 LabelWriter 450 Thermal Label Printer\r\n','\r\nCreate and print up to 51 address, shipping, file folder and barcode labels, name badges and more per minute.\r\nUse included DYMO Stamps software to print USPS-approved postage directly from your desktop - without fees, contracts or monthly commitments.\r\nPrints on easy-peel, split-back D1 tape (1/4-, 3/8-, or 1/2-inch sizes). Thermal printing creates labels with no ink or toner.\r\nConnect to PC or Mac, and you\'re ready to print labels right from Word, Excel, Outlook, QuickBooks and other programs.\r\n1 year limited warranty. 10.625 inches long by 5.562 inches wide by 6.5 inches high. 3.25 pounds. Imported.\r\n',0,88,'DYMO_1752264_LabelWriter_450_Thermal_Label_Printer_small_d83772.jpg',NULL,NULL,0,0,'DYMO_1752264_LabelWriter_450_Thermal_Label_Printer_big_c4be52.jpg',0,NULL,NULL,NULL,NULL,NULL,NULL,NULL,NULL,NULL,NULL,NULL,1,1,NULL),(133,31,'\r\nEpson C11CD31201 Expression Premium XP-610 Wireless Color Photo Printer with Scanner and Copier\r\n','\r\nConsumer-rated unbeatable photo quality from an ultra-powerful Small-in-One\r\nAuto 2-sided printing; dedicated photo tray\r\nUltimate wireless for tablets and smartphones\r\n2.5\" LCD plus touch panel\r\n',0,85,'Epson_C11CD31201_Expression_Premium_XP_610_Wireless_Color_Photo__small_7e1aee.jpg',NULL,NULL,0,0,'Epson_C11CD31201_Expression_Premium_XP_610_Wireless_Color_Photo__big_a6738d.jpg',0,NULL,NULL,NULL,NULL,NULL,NULL,NULL,NULL,NULL,NULL,NULL,1,1,NULL),(134,31,'\r\nHP Photosmart 7520 Wireless Color Photo Printer with Scanner, Copier and Fax\r\n','\r\nISO Speed: Up to 14 ppm black, Up to 10 ppm color\r\nStandard Connectivity: 1 USB 2.0, 1 WiFi 802.11b/g/n\r\nScan Resolution: Up to 2400 dpi (Enhanced); Scan Type: Flatbed, ADF\r\nWireless, Duplex printing, Memory card slot, HP ePrint, Web connect, 4.33\" (10.9 cm) touchscreen CGD\r\n',0,120,'HP_Photosmart_7520_Wireless_Color_Photo_Printer_with_Scanner_Cop_small_78194e.jpg',NULL,NULL,0,0,'HP_Photosmart_7520_Wireless_Color_Photo_Printer_with_Scanner_Cop_big_354998.jpg',0,NULL,NULL,NULL,NULL,NULL,NULL,NULL,NULL,NULL,NULL,NULL,1,1,NULL),(135,33,'\r\nAmprobe THWD-3 Relative Humidity Temperature Meter\r\n','\r\nDual measurement display\r\nExtended probe stem to easily access air ducts\r\nTemperature measurement range: -4°F to 140°F (-20°C to 60°C)\r\nDew Point\r\nWet Bulb\r\n',0,89.9,'Amprobe_THWD_3_Relative_Humidity_Temperature_Meter_small_d032f7.jpg',NULL,NULL,0,0,'Amprobe_THWD_3_Relative_Humidity_Temperature_Meter_big_205f59.jpg',0,NULL,NULL,NULL,NULL,NULL,NULL,NULL,NULL,NULL,NULL,NULL,1,1,NULL),(136,33,'\r\nBreville BES870XL Barista Express Espresso Machine\r\n','\r\n15 Bar Italian Pump and 1600W Thermo coil heating system\r\nPurge Function: Automatically adjusts water temperature after steam for optimal espresso extraction temperature\r\nStainless steel conical burr grinder with 1/2 lb. sealed bean hopper\r\n67 fl.oz (2L) removable water tank with handle\r\nNewer model of the Breville BES860XL Barista Express\r\n',0,599,'Breville_BES870XL_Barista_Express_Espresso_Machine_small_9a1361.jpg',NULL,NULL,0,0,'Breville_BES870XL_Barista_Express_Espresso_Machine_big_ae5338.jpg',0,NULL,NULL,NULL,NULL,NULL,NULL,NULL,NULL,NULL,NULL,NULL,1,1,NULL),(137,33,'\r\nFrigidaire FGEW2765PB Gallery 27\" Black Electric Single Wall Oven - Convection\r\n','\r\n27\" Single Electric Wall Oven with 3.8 cu. ft. True Convection Oven, Steam Cleaning, Quick Preheat, Delay Start, Auto Shut-Off and Temperature Probe\r\n',0,999.9,'Frigidaire_FGEW2765PB_Gallery_27_Black_Electric_Single_Wall_Oven_small_1dea72.jpg',NULL,NULL,0,0,'Frigidaire_FGEW2765PB_Gallery_27_Black_Electric_Single_Wall_Oven_big_abb336.jpg',0,NULL,NULL,NULL,NULL,NULL,NULL,NULL,NULL,NULL,NULL,NULL,1,1,NULL),(138,33,'\r\nOster 6706 6-Cup 450-Watt, 10-Speed Blender, Black\r\n','\r\nPowerful 450 watt motor of ice crushing power with 10 speeds including pulse\r\n6 Cup break-resistant plastic jar is BPA free\r\nOster All Metal Drive for lasting durability\r\nRemovable filler cap for easy and convienent filling and measuring\r\nStainless steel \"Ice Crusher\" blade for perfectly crushed ice every time\r\n',0,15,'Oster_6706_6_Cup_450_Watt_10_Speed_Blender_Black_small_b8c862.jpg',NULL,NULL,0,0,'Oster_6706_6_Cup_450_Watt_10_Speed_Blender_Black_big_63b8b2.jpg',0,NULL,NULL,NULL,NULL,NULL,NULL,NULL,NULL,NULL,NULL,NULL,1,1,NULL),(139,33,'\r\nOster FPSTBW8207-S Electric Wine Bottle Opener, Silver\r\n','\r\nCordless electric bottle opener removes the cork in seconds\r\nOpens up to 30 bottles on a single charge; simple push-button operation\r\nFoil cutter for easily removing seals; comfortable soft-grip handle\r\nSleek, sophisticated design; recharging base included\r\nShips in Certified Frustration-Free Packaging\r\n',0,18,'Oster_FPSTBW8207_S_Electric_Wine_Bottle_Opener_Silver_small_5b4c6c.jpg',NULL,NULL,0,0,'Oster_FPSTBW8207_S_Electric_Wine_Bottle_Opener_Silver_big_e20af4.jpg',0,NULL,NULL,NULL,NULL,NULL,NULL,NULL,NULL,NULL,NULL,NULL,1,1,NULL),(140,34,'\r\nEnamelware - Fleur Bowl with Lid - Primitive Country Rustic Enamel Home Decor\r\n','\r\nEnamelware Fleur Bowl with Lid.\r\nDurable white enamel and accented with distressed black edges.\r\nPlease scroll down for complete product description.\r\n',0,13.99,'Enamelware_Fleur_Bowl_with_Lid_Primitive_Country_Rustic_Enamel_H_small_5320b9.jpg',NULL,NULL,0,0,'Enamelware_Fleur_Bowl_with_Lid_Primitive_Country_Rustic_Enamel_H_big_434dde.jpg',0,NULL,NULL,NULL,NULL,NULL,NULL,NULL,NULL,NULL,NULL,NULL,1,1,NULL),(141,34,'\r\nInterDesign Gia Bath, Toothbrush Stand, White\r\n','\r\nThe Gia line features glossy ceramic and stainless steel accents to brighten your home with contemporary styling. Toothbrush holders have four large slots to hold oversized brushes. Keeps brushes upright and clean. Pair with other members of the Gia line.\r\n',0,14,'InterDesign_Gia_Bath_Toothbrush_Stand_White_small_51e715.jpg',NULL,NULL,0,0,'InterDesign_Gia_Bath_Toothbrush_Stand_White_big_6bf74b.jpg',0,NULL,NULL,NULL,NULL,NULL,NULL,NULL,NULL,NULL,NULL,NULL,1,1,NULL),(142,34,'\r\nInterDesign Pail Waste Can, White\r\n','\r\nGet rid of all the trash within seconds with this Trash Bucket. Made from sturdy metal construction, this trash bucket holds up to 3.3 gallons of trash at any given point of time. A high gloss white finish and black lettering for easy identification, this garbage pail comes with a metal handle fully equipped with a wooden handle for easy portability. Besides, this trash container is great for use in the bathroom, bedroom, den or a patio. Bring home this trash bin today and welcome yourself to a clean and dirt-free home.\r\n',0,20,'InterDesign_Pail_Waste_Can_White_small_fc5935.jpg',NULL,NULL,0,0,'InterDesign_Pail_Waste_Can_White_big_85ab9f.jpg',0,NULL,NULL,NULL,NULL,NULL,NULL,NULL,NULL,NULL,NULL,NULL,1,1,NULL),(143,34,'\r\nInterDesign York Bath, Soap Pump, Pearl White\r\n','\r\nBring classic American styling to your home with the York collection from InterDesign. Attractive finish can liven up any room. Soap pump dispenses the perfect amount of hand soap at your sink. Refillable with your favorite brand of liquid soap. Non-absorbent foam base keeps in place.\r\n',0,20,'InterDesign_York_Bath_Soap_Pump_Pearl_White_small_ea4282.jpg',NULL,NULL,0,0,'InterDesign_York_Bath_Soap_Pump_Pearl_White_big_b7af35.jpg',0,NULL,NULL,NULL,NULL,NULL,NULL,NULL,NULL,NULL,NULL,NULL,1,1,NULL),(144,34,'\r\nOhio Wholesale Vintage Bath Advertising Wall Art, from our Americana Collection, from our Americana Collection\r\n','\r\nCustom designed wall art from Ohio Wholesale is the answer to all of your home decor and unique gift needs. Our Vintage Bath Advertising sign is screen printed onto wood that has a beveled edge. Features a saw tooth hanger. Family owned and designed in the U.S.A, Ohio Wholesale has been satisfying customers with our quality and service for over 35-year. Decorate your life with treasures from Ohio Wholesale.\r\n',0,11,'Ohio_Wholesale_Vintage_Bath_Advertising_Wall_Art_from_our_Americ_small_2e2351.jpg',NULL,NULL,0,0,'Ohio_Wholesale_Vintage_Bath_Advertising_Wall_Art_from_our_Americ_big_80d67d.jpg',0,NULL,NULL,NULL,NULL,NULL,NULL,NULL,NULL,NULL,NULL,NULL,1,1,NULL),(145,35,'\r\nHortense B. Hewitt Cake Top Wedding Accessories, Porcelain Love Birds\r\n','\r\nWhite porcelain birds with pearlized heart designs featuring Mr. and Mrs. in silver. Each bird measures 3.75 inch by 2 inch by 2.5inch. Each bride is unique and the key to finding everything she wants is an extensive selection with options to coordinate. Take a look at what Hortense B. Hewitt has to offer and you won\'t be disappointed. With more than 60 years experience making weddings special, HBH has thousands of beautiful wedding day accessories, bridal shower musts, fun wedding favors, bachelorette party novelties and anniversary mementos.\r\n',0,17,'Hortense_B_Hewitt_Cake_Top_Wedding_Accessories_Porcelain_Love_Bi_small_bfd8e2.jpg',NULL,NULL,0,0,'Hortense_B_Hewitt_Cake_Top_Wedding_Accessories_Porcelain_Love_Bi_big_1837cb.jpg',0,NULL,NULL,NULL,NULL,NULL,NULL,NULL,NULL,NULL,NULL,NULL,1,1,NULL),(146,35,'\r\nNEST Fragrances NEST08-BM Bamboo Scented Reed Diffuser\r\n','\r\nThe Bamboo reed diffuser by NEST Fragrances includes notes of flowering bamboo, mingled with a variety of white florals, sparkling citrus, and fresh green accords. NEST Fragrances diffusers are carefully crafted with the highest quality fragrance oils and are designed to continuously fill your home with a lush, memorable fragrance. The alcohol-free formula releases fragrance slowly and evenly into the air for approximately 90 days.\r\n',0,38,'NEST_Fragrances_NEST08_BM_Bamboo_Scented_Reed_Diffuser_small_a35981.jpg',NULL,NULL,0,0,'NEST_Fragrances_NEST08_BM_Bamboo_Scented_Reed_Diffuser_big_b25c0e.jpg',0,NULL,NULL,NULL,NULL,NULL,NULL,NULL,NULL,NULL,NULL,NULL,1,1,NULL),(147,35,'\r\nPoo-Pourri Before-You-Go Toilet Spray 2-Ounce Bottle, Original\r\n','\r\nSpritz the Bowl Before-You-Go and No One Else Will Ever Know!\r\nThe ORIGINAL Before-You-Go Toilet Spray that stops bathroom odors before they ever begin - seriously! No more trying to mask odor already in the air\r\nScientifically-tested formula made of essential oils and other natural compounds; NO harsh chemicals, aerosol, parabens, phthalates, or formaldehyde; All stink-fightin good stuff!\r\nMade in the good ole U S of A.\r\nUp to 100 uses in the 2-ounce bottle\r\n',0,10,'Poo_Pourri_Before_You_Go_Toilet_Spray_2_Ounce_Bottle_Original_small_8fa587.jpg',NULL,NULL,0,0,'Poo_Pourri_Before_You_Go_Toilet_Spray_2_Ounce_Bottle_Original_big_f3d8b4.jpg',0,NULL,NULL,NULL,NULL,NULL,NULL,NULL,NULL,NULL,NULL,NULL,1,1,NULL),(148,35,'\r\nSharp SPC800 Quartz Analog Twin Bell Alarm Clock (Silver)\r\n','\r\nSharp Quartz Analog twin bell alarm Clock, Easy to read dial, backlight, luminous glow-in-the-dark hands, luminous dial. Metal case and bells. 1 year limited warranty\r\n',0,20,'Sharp_SPC800_Quartz_Analog_Twin_Bell_Alarm_Clock_Silver__small_148985.jpg',NULL,NULL,0,0,'Sharp_SPC800_Quartz_Analog_Twin_Bell_Alarm_Clock_Silver__big_1c9bec.jpg',0,NULL,NULL,NULL,NULL,NULL,NULL,NULL,NULL,NULL,NULL,NULL,1,1,NULL),(149,35,'\r\nWillow Tree Angel of Friendship\r\n','\r\nAngel of friendship-for those who share the spirit of friendship. willow tree is an intimate, personal line of figurative sculptures representing qualities and sentiments that help us feel close to others, heal wounds or treasure relationships. sUSAn lord carves each original piece with this thought in mind. her figures continue to evolve as she identifies emotions so important for us to convey and renders them in simple, pure gestures. these art forms beautifully express love, closeness, healing, courage, hope all the emotions of a life well lived.\r\n',0,16,'Willow_Tree_Angel_of_Friendship_small_edc9df.jpg',NULL,NULL,0,0,'Willow_Tree_Angel_of_Friendship_big_1b0008.jpg',0,NULL,NULL,NULL,NULL,NULL,NULL,NULL,NULL,NULL,NULL,NULL,1,1,NULL),(150,36,'\r\nAmco Enameled Aluminum Lemon Squeezer\r\n','\r\nEnjoy fresh-squeezed lemon juice without electricity, batteries, or hard-to-operate juice squeezers\r\nEasy to use in 3 quick steps, Amco\'s squeezer provides pure juice without any seeds or pulp\r\nCrafted from sturdy aluminum and enameled in a fun citrus-inspired color\r\nMakes a great gift for kitchen enthusiasts who already have everything else\r\n',0,5.5,'Amco_Enameled_Aluminum_Lemon_Squeezer_small_4b571c.jpg',NULL,NULL,0,0,'Amco_Enameled_Aluminum_Lemon_Squeezer_big_f961de.jpg',0,NULL,NULL,NULL,NULL,NULL,NULL,NULL,NULL,NULL,NULL,NULL,1,1,NULL),(151,36,'\r\nChef\'n Stem Gem Strawberry Huller\r\n','\r\nRemove strawberry stems with ease with the StemGem strawberry stem remover from Chef\'n. It\'s easy to use; simply insert the StemGem into strawberry, twist and remove the strawberry stem. It removes the stem and leaves the strawberry intact! It\'s great for making strawberry shortcake and fruit salads. And, with the fun strawberry design, it\'s easy to find in the drawer. Claw made of stainless steel. Top-rack dishwasher safe. By Chef\'n. Chef\'n began over twenty years ago based on the principle that kitchen products could be a lot smarter, easier and more fun. Right from day one, Chef\'n found an audience hungry for its brand of tasteful ingenuity. Today that legacy lives on with the precision refinements to acclaimed inventions, new technologies, design techniques and entirely new products.\r\n',0,6.7,'Chef_n_Stem_Gem_Strawberry_Huller_small_f01540.jpg',NULL,NULL,0,0,'Chef_n_Stem_Gem_Strawberry_Huller_big_a31444.jpg',0,NULL,NULL,NULL,NULL,NULL,NULL,NULL,NULL,NULL,NULL,NULL,1,1,NULL),(152,36,'\r\nM.V. Trading Silicone Food Cup or Sushi Mold for a Lunch Box, Set of 4\r\n','\r\nSet of 3 reusable silicone baking cups in six fun vibrant colors; great for bento lunch boxes\r\nPremium BPA-Free FDA food-grade silicone non-stick bake ware resists stains and ensures optimum performance\r\nVersatile molds for cupcakes, muffins, cheesecakes, chocolate bowls, gelatin and frozen desserts\r\nNo muffin pan necessary - place baking cups directly on cooking sheet\r\nMicrowave, oven, freezer and dishwasher safe\r\n',0,2.99,'M_V_Trading_Silicone_Food_Cup_or_Sushi_Mold_for_a_Lunch_Box_Set__small_3e9527.jpg',NULL,NULL,0,0,'M_V_Trading_Silicone_Food_Cup_or_Sushi_Mold_for_a_Lunch_Box_Set__big_845c1b.jpg',0,NULL,NULL,NULL,NULL,NULL,NULL,NULL,NULL,NULL,NULL,NULL,1,1,NULL),(153,36,'\r\nMustache Party Food and Cupcake Picks - 25 ct\r\n','\r\nWood picks with 3\" x 1 1/4\" paper design. 25 per package.\r\n',0,5,'Mustache_Party_Food_and_Cupcake_Picks_25_ct_small_5a7879.jpg',NULL,NULL,0,0,'Mustache_Party_Food_and_Cupcake_Picks_25_ct_big_c57951.jpg',0,NULL,NULL,NULL,NULL,NULL,NULL,NULL,NULL,NULL,NULL,NULL,1,1,NULL),(154,36,'\r\nNinja Master Prep (QB900B)\r\n','\r\nNinja Master Prep with Patented Blade Technology\r\n\r\nPut the power in the palm of your hand with the multi-talented Ninja Master Prep that crushes ice into snow in seconds, blends frozen fruits into creamy smoothies, and chops fresh ingredients evenly! Mince, dice, chop, blend, and puree for consistent results in the 16 oz (2 cup) chopper bowl and achieve perfect frozen blending in the 48 oz (6 cup) pitcher.\r\n',0,39,'Ninja_Master_Prep_QB900B__small_ab79e2.jpg',NULL,NULL,0,0,'Ninja_Master_Prep_QB900B__big_052432.jpg',0,NULL,NULL,NULL,NULL,NULL,NULL,NULL,NULL,NULL,NULL,NULL,1,1,NULL),(155,37,'\r\nDeckMate Kay Home Product\'s Avondale Steel Fire Bowl\r\n','\r\nFor burning wood and artificial logs. Steel construction and base with four steel legs for stability. Antique copper bowl with built in log rest and fire tool Full 360 degrees view of fire with fine wire mesh lift-off spark screen.\r\n',0,80,'DeckMate_Kay_Home_Product_s_Avondale_Steel_Fire_Bowl_small_644886.jpg',NULL,NULL,0,0,'DeckMate_Kay_Home_Product_s_Avondale_Steel_Fire_Bowl_big_a6118d.jpg',0,NULL,NULL,NULL,NULL,NULL,NULL,NULL,NULL,NULL,NULL,NULL,1,1,NULL),(156,37,'\r\nHigh Cotton Doormat, Open Policy Wine\r\n','\r\nHigh Cotton Doormat: Open Door Policy; Show up with Wine, we\'ll open the door. Humorous, durable doormat. Perfect gift for wine lovers! Manufactured in USA. 100% Olefin Indoor/Outdoor Carpet. Washable with hose & brush. Dry flat. Perfect bound stitched edges.\r\n',0,24,'High_Cotton_Doormat_Open_Policy_Wine_small_77b23f.jpg',NULL,NULL,0,0,'High_Cotton_Doormat_Open_Policy_Wine_big_9d20b3.jpg',0,NULL,NULL,NULL,NULL,NULL,NULL,NULL,NULL,NULL,NULL,NULL,1,1,NULL),(157,37,'\r\nHome Styles Bali Hai Outdoor Rocking Chair, Natural Teak\r\n','\r\nCreate an island oasis on your porch or patio with a Home Styles Bali Hai Outdoor Rocking Chair. Showcasing an island inspired design in a versatile natural teak finish and construction of eco-friendly, plantation grown Shore wood which is known for its exceptional durability and natural resistance to water, this rocking chair is designed to provide endless hours of outdoor entertainment use. Curved back and contoured seat provides excellent support and imparts a slightly modern touch to the overall traditional slat design. This chair is built with stainless steel hardware. Size is 30.5-Inch wide by 25.75-Inch deep by 38.5-Inch high.\r\n',0,144,'Home_Styles_Bali_Hai_Outdoor_Rocking_Chair_Natural_Teak_small_571fa9.jpg',NULL,NULL,0,0,'Home_Styles_Bali_Hai_Outdoor_Rocking_Chair_Natural_Teak_big_b9ed69.jpg',0,NULL,NULL,NULL,NULL,NULL,NULL,NULL,NULL,NULL,NULL,NULL,1,1,NULL),(158,37,'\r\nLandmann 82433 8-Foot Firewood Log Rack Only\r\n','\r\n8-foot wood rack; stores nearly � cord of wood\r\nKeeps firewood stable, safe, and off of the ground away from dampness and bugs\r\nMade of strong tubular steel for optimal durability and support\r\nIncludes all hardware for easy assembly; weatherproof powder coating resists rust\r\nMeasures 96 by 48 inches to fit on porch, deck, under eaves\r\n',0,49,'Landmann_82433_8_Foot_Firewood_Log_Rack_Only_small_c81937.jpg',NULL,NULL,0,0,'Landmann_82433_8_Foot_Firewood_Log_Rack_Only_big_f3787c.jpg',0,NULL,NULL,NULL,NULL,NULL,NULL,NULL,NULL,NULL,NULL,NULL,1,1,NULL),(159,37,'\r\nWeber 1351001 One-Touch Gold Kettle Grill, 22.5-Inch, Black\r\n','\r\nFeaturing 363 square-inches of cooking space, the Weber One-Touch Gold 22-1/2-inch Charcoal Kettle Grill consists of a heavy-gauge porcelain-enameled lid and bowl for durability and long grill life. The grill features a factory assembled stainless steel One-Touch cleaning system, a hinged cooking grate and a removable high-capacity ash catcher to make indirect grilling easier. The built-in lid thermometer allows you to monitor your grill’s temperature and a new bowl handle design includes an integrated tool hook for easy and convenient storage.\r\n',0,149,'Weber_1351001_One_Touch_Gold_Kettle_Grill_22_5_Inch_Black_small_6fe6d7.jpg',NULL,NULL,0,0,'Weber_1351001_One_Touch_Gold_Kettle_Grill_22_5_Inch_Black_big_55b831.jpg',0,NULL,NULL,NULL,NULL,NULL,NULL,NULL,NULL,NULL,NULL,NULL,1,1,NULL),(160,39,'\r\nCosta Del Mar HA15 Cotton Visor\r\n','\r\nStay shaded and cool on your boating trips with the Costa Del Mar Cotton Visor.\r\n',0,15,'Costa_Del_Mar_HA15_Cotton_Visor_small_110367.jpg',NULL,NULL,0,0,'Costa_Del_Mar_HA15_Cotton_Visor_big_769920.jpg',0,NULL,NULL,NULL,NULL,NULL,NULL,NULL,NULL,NULL,NULL,NULL,1,1,NULL),(161,39,'\r\nOutdoor Research Sombriolet Sun Hat\r\n','\r\nLightweight, protective hat for use in intense sun, heat, and humidity\r\nSolarShield construction offers UPF 50+ sun protection\r\nVents and mesh lining in crown for cooling and moisture management\r\nTransAction headband, external drawcord adjustment, and chin cord for a secure fit\r\nFoam-stiffened brim and piping on brim edge\r\nFoam Stiffened Brim Floats\r\n',0,35,'Outdoor_Research_Sombriolet_Sun_Hat_small_39c28c.jpg',NULL,NULL,0,0,'Outdoor_Research_Sombriolet_Sun_Hat_big_1b6350.jpg',0,NULL,NULL,NULL,NULL,NULL,NULL,NULL,NULL,NULL,NULL,NULL,1,1,NULL),(162,39,'\r\nPearl Izumi Women\'s Elite Inrcool Tri Singlet\r\n','\r\nThe Women\'s ELITE In-R-Cool Tri Support Singlet features our ELITE Transfer In-R-Cool fabric combined with a textured fabric over the shoulder for aerodynamics. Perfect for those looking for a fully constructed internal shelf bra providing support and breathability.\r\n',0,85.5,'Pearl_Izumi_Womens_Elite_Inrcool_Tri_Singlet_small_51b6b2.jpg',NULL,NULL,0,0,'Pearl_Izumi_Womens_Elite_Inrcool_Tri_Singlet_big_a5dc6f.jpg',0,NULL,NULL,NULL,NULL,NULL,NULL,NULL,NULL,NULL,NULL,NULL,1,1,NULL),(163,39,'\r\nUnder Armour Men\'s HeatGear® Sonic Compression Short Sleeve\r\n','\r\nSmooth fabric provides extreme comfort and compression without restriction\r\n4-way stretch fabrication allows greater mobility and maintains shape\r\nSignature Moisture Transport System wicks sweat away from the body\r\nAnti-odor technology prevents the growth of odor causing microbes\r\n30+ UPF protects your skin from the sun\'s harmful rays\r\n',0,25,'Under_Armour_Mens_HeatGear_Sonic_Compression_Short_Sleeve_small_7c3d54.jpg',NULL,NULL,0,0,'Under_Armour_Mens_HeatGear_Sonic_Compression_Short_Sleeve_big_7e9212.jpg',0,NULL,NULL,NULL,NULL,NULL,NULL,NULL,NULL,NULL,NULL,NULL,1,1,NULL),(164,39,'\r\nYukon Gear Long Sleeve Mock T-shirt\r\n','\r\nLong sleeve mock neck t-shirt features the popular Mossy Oak Infnity camoflauge pattern. Great for spring or fall hunting seasons on its own or layer in colder weather.\r\n',0,15.5,'Yukon_Gear_Long_Sleeve_Mock_T_shirt_small_5d4da6.jpg',NULL,NULL,0,0,'Yukon_Gear_Long_Sleeve_Mock_T_shirt_big_af43a5.jpg',0,NULL,NULL,NULL,NULL,NULL,NULL,NULL,NULL,NULL,NULL,NULL,1,1,NULL),(165,40,'\r\n26\" Ladies\' Maxim\r\n','\r\nAluminum full suspension frame maximizes comfort and performance\r\nSuspension fork smoothes bumps and increases control\r\nSRAM twist shifters change gears easily\r\n21 speeds with Shimano rear derailleur for all types of riding\r\nLinear pull brakes provide great braking power\r\n',0,181,'26_Ladies_Maxim_small_6e6e3c.jpg',NULL,NULL,0,0,'26_Ladies_Maxim_big_f49bec.jpg',0,NULL,NULL,NULL,NULL,NULL,NULL,NULL,NULL,NULL,NULL,NULL,1,1,NULL),(166,40,'\r\nThule 526 Circuit Fork Mount Carrier\r\n','\r\nAeroHead Low-Profile Reinforced Head combines aerodynamics, durability and style\r\nLockable SecureSkewer for quick loading/unloading with additional security using Thule\'s One-Key lock cylinder (sold separately)\r\nTool-Free Universal Mounting makes it simple and easy to install\r\n\"D\" Shaped Low Profile Aluminum Tray made from corrosion-resistant aluminum to withstand the elements\r\nIntegrated Wheel Cradle high wall design provides added protection and the perfect fit beneath your wheel\r\n',0,129,'Thule_526_Circuit_Fork_Mount_Carrier_small_67ab98.jpg',NULL,NULL,0,0,'Thule_526_Circuit_Fork_Mount_Carrier_big_c38bf7.jpg',0,NULL,NULL,NULL,NULL,NULL,NULL,NULL,NULL,NULL,NULL,NULL,1,1,NULL),(167,40,'\r\nThule Chinook2 Child Carrier for Stroll/Jog\r\n','\r\nPivoting/Locking front wheel to easily transition from strolling to jogging\r\nFront wheel folds away or is removable for cycling\r\n1st year of life accessories include infant car seat adapter, cargo bag, head support\r\nOne-handed fold for ease of use\r\nAdjustable suspension for a smooth and stable ride\r\n',0,998,'Thule_Chinook2_Child_Carrier_for_Stroll_small_989d7d.jpg',NULL,NULL,0,0,'Thule_Chinook2_Child_Carrier_for_Stroll_big_655690.jpg',0,NULL,NULL,NULL,NULL,NULL,NULL,NULL,NULL,NULL,NULL,NULL,1,1,NULL),(168,40,'\r\nTopeak JoeBlow Pro Floor Bike Pump\r\n','\r\n160 psi/11 bar Pumping Capacity\r\nSmarthead works on Schraeder and Presta valves\r\nPolished Aluminum Barrel\r\nWeight 1.35 kgs/2.98 lbs\r\n',0,70,'Topeak_JoeBlow_Pro_Floor_Bike_Pump_small_e9c962.jpg',NULL,NULL,0,0,'Topeak_JoeBlow_Pro_Floor_Bike_Pump_big_ca92e7.jpg',0,NULL,NULL,NULL,NULL,NULL,NULL,NULL,NULL,NULL,NULL,NULL,1,1,NULL),(169,40,'\r\nTrail Gator Bicycle Tow Bar in Black, Red, or Blue\r\n','\r\nTow Bar converts an ordinary child\'s bike into a safe, towable bike trailer\r\nOnce bar is installed, child\'s bike can be attached or disconnected anytime, without tools\r\nFor children with a maximum weight of 70.5 pounds\r\nAdult must weigh at least twice that of the child rider\r\nFits 12- to 20-inch tire size children\'s bikes\r\n',0,88,'Trail_Gator_Bicycle_Tow_Bar_in_Black_Red_or_Blue_small_52bcb2.jpg',NULL,NULL,0,0,'Trail_Gator_Bicycle_Tow_Bar_in_Black_Red_or_Blue_big_5aa9e8.jpg',0,NULL,NULL,NULL,NULL,NULL,NULL,NULL,NULL,NULL,NULL,NULL,1,1,NULL),(170,41,'\r\nDerek Jeter #2 New York Yankees MLB Women\'s Gold Name & Number T-Shirt with Retirement Logo\r\n','\r\nOfficially licensed MLB product\r\nGold screen printed graphics of player\'s name and number and team logo\r\nScreen printed Retirement Logo at wearer\'s front left shoulder\r\nSlim, close to body fit - not oversized basic Crew Neck\r\n100% Cotton - Machine Washable\r\n',0,25,'Derek_Jeter_2_New_York_Yankees_MLB_Women_s_Gold_Name_Number_T_Sh_small_dbe025.jpg',NULL,NULL,0,0,'Derek_Jeter_2_New_York_Yankees_MLB_Women_s_Gold_Name_Number_T_Sh_big_7dbbe0.jpg',0,NULL,NULL,NULL,NULL,NULL,NULL,NULL,NULL,NULL,NULL,NULL,1,1,NULL),(171,41,'\r\nMatt Kenseth #20 NASCAR Adult Electric T-Shirt - Yellow\r\n','\r\nOfficially licensed NASCAR product\r\n100% Cotton\r\nScreen Printed Graphics\r\nGreat gift for any Fan\r\n',0,23,'Matt_Kenseth_20_NASCAR_Adult_Electric_T_Shirt_Yellow_small_a4dd8f.jpg',NULL,NULL,0,0,'Matt_Kenseth_20_NASCAR_Adult_Electric_T_Shirt_Yellow_big_52808b.jpg',0,NULL,NULL,NULL,NULL,NULL,NULL,NULL,NULL,NULL,NULL,NULL,1,1,NULL),(172,41,'\r\nNBA Big Shot Snapback Adjustable Cap\r\n','\r\nMade from 85/15 wool blend\r\nTwo-tone snapback cap\r\nFeatures a raised embroidery front logo\r\nKelly green undervisor for a bright, crisp look\r\nEmbroidered league logo on the side\r\n',0,28,'NBA_Big_Shot_Snapback_Adjustable_Cap_small_b5156a.jpg',NULL,NULL,0,0,'NBA_Big_Shot_Snapback_Adjustable_Cap_big_78baca.jpg',0,NULL,NULL,NULL,NULL,NULL,NULL,NULL,NULL,NULL,NULL,NULL,1,1,NULL),(173,41,'\r\nNFL Clean Up Adjustable Hat, One Size Fits All Fits All\r\n','\r\nTeam logo embroidered at front\r\nRelax Fit\r\nAdjustable back with cotton strap and metal snap\r\n100% cotton\r\nOne size fits all\r\n',0,15,'NFL_Clean_Up_Adjustable_Hat_One_Size_Fits_All_Fits_All_small_237aec.jpg',NULL,NULL,0,0,'NFL_Clean_Up_Adjustable_Hat_One_Size_Fits_All_Fits_All_big_2f4d1d.jpg',0,NULL,NULL,NULL,NULL,NULL,NULL,NULL,NULL,NULL,NULL,NULL,1,1,NULL),(174,41,'\r\nVoit World Cup Soccer Ball Spain - Size 5\r\n','\r\nSpain Soccer Ball Official Size 5\r\nPVC outer, 32 Panels\r\nButyl valve, Latex bladder for increased softness\r\nGreat on the field or in the backyard\r\nPressure: 8-10 lbs\r\n',0,20,'Voit_World_Cup_Soccer_Ball_Spain_Size_5_small_ca0177.jpg',NULL,NULL,0,0,'Voit_World_Cup_Soccer_Ball_Spain_Size_5_big_bfa51f.jpg',0,NULL,NULL,NULL,NULL,NULL,NULL,NULL,NULL,NULL,NULL,NULL,1,1,NULL),(175,42,'\r\nBushnell Tour v3 Rangefinder - Exclusive( COLOR: Green )\r\n','\r\nBushnell Tour v3 Laser Rangefinder - Golfsmith Exclusive! The Bushnell Tour v3 Laser Rangefinder features award-winning PinSeeker with JOLT technology that provides the golfer short vibrating bursts to confirm PinSeeker is activated and the laser is locked onto the flag. JOLT technology eliminates all doubt, so with that and with its new ergonomic design, the Tour v3 sets the standard for being the complete laser rangefinder package - design, performance and feel. Additional features: 5x magnification (objects appear 5x closer) 5 yards to 1,000 yards ranging performance (300+ yards to a flag) Ergonomic design and rubber grip provide stability Accuracy to within one yard PinSeeker Technology with JOLT Technology to zero-in on the flag Rainproof construction 3-volt battery and premium carry case included Posi-Thread battery door Legal for tournament play Two-year warranty\r\n',0,299.9,'Bushnell_Tour_v3_Rangefinder_Exclusive_small_8f0e9f.jpg',NULL,NULL,0,0,'Bushnell_Tour_v3_Rangefinder_Exclusive_big_64484a.jpg',0,NULL,NULL,NULL,NULL,NULL,NULL,NULL,NULL,NULL,NULL,NULL,1,1,NULL),(176,42,'\r\nCallaway Hx Practice Balls\r\n','\r\nPractice makes perfect with the Callaway HX Practice Golf Balls. Unique patented HEX dimple pattern simulates actual ball flight at reduced distances. Soft foam construction safe to use anywhere - won\'t damage clubs or property. Includes mesh bag for easy storage and portability. Also great for baseball soft toss. Available in multiple colors and sizes.\r\n',0,12,'Callaway_Hx_Practice_Balls_small_270d90.jpg',NULL,NULL,0,0,'Callaway_Hx_Practice_Balls_big_fa3d7e.jpg',0,NULL,NULL,NULL,NULL,NULL,NULL,NULL,NULL,NULL,NULL,NULL,1,1,NULL),(177,42,'\r\nCallaway Strata Women\'s Complete Golf Set with Bag, 11-Piece\r\n','\r\nDriver (460cc) Features a large sweet spot for extra forgiveness and a super lightweight graphite shaft to enable faster swing speeds (Headcover included)\r\nFairway Wood This fairway wood is very forgiving and has a lightweight shaft for long, high flying shots (Headcover included)\r\nHybrids (5H) A great alternative to difficult long irons, allowing for more confidence on a variety of shots (Headcover included)\r\nIrons (7, 9, SW) These perimeter-weighted irons offer forgiveness and control\r\nPutter Progressive mallet shape helps you choose your line for better accuracy on the green\r\n',0,199,'Callaway_Strata_Women_s_Complete_Golf_Set_with_Bag_11_Piece_small_454d89.jpg',NULL,NULL,0,0,'Callaway_Strata_Women_s_Complete_Golf_Set_with_Bag_11_Piece_big_d508fa.jpg',0,NULL,NULL,NULL,NULL,NULL,NULL,NULL,NULL,NULL,NULL,NULL,1,1,NULL),(178,42,'\r\nGAME GOLF Digital Tracking System, Red/Black\r\n','\r\nGAME GOLF is a small wearable system designed to seamlessly capture and display your golf game in a comprehensive, dynamic interface with stats, trends and information you can actually use.\r\n\r\nGAME GOLF captures real game data from the rounds you play, not your shots on the range. You will learn what you\'re really doing on the course and quickly see where you can improve. All of your round data is displayed shot-by-shot, hole-by-hole over satellite imagery of the course. See how far you hit each shot with the Club Performance analytics engine and compare your game stats against PGA pros or your weekend golf buddies.\r\n\r\nGAME GOLF is the perfect companion for any golfer who wants to know where they can improve their game.\r\n',0,200,'GAME_GOLF_Digital_Tracking_System_Red_small_bd6c7a.jpg',NULL,NULL,0,0,'GAME_GOLF_Digital_Tracking_System_Red_big_57975f.jpg',0,NULL,NULL,NULL,NULL,NULL,NULL,NULL,NULL,NULL,NULL,NULL,1,1,NULL),(179,42,'\r\nWilson Harmonized Golf Wedge\r\n','\r\nHarmonized Wedges have long been popular in pro shops. A new innovative sole design now gives players more options around the green. Play higher shots with greater accuracy with a special sole grind that allows players to open the club face for improved performance.\r\n',0,20.5,'Wilson_Harmonized_Golf_Wedge_small_25a79a.jpg',NULL,NULL,0,0,'Wilson_Harmonized_Golf_Wedge_big_11edb0.jpg',0,NULL,NULL,NULL,NULL,NULL,NULL,NULL,NULL,NULL,NULL,NULL,1,1,NULL),(180,43,'\r\nRawlings Players Series 9-inch Youth Baseball Glove (PL90MB)\r\n','\r\nNEW Rawlings T-Ball Glove with 9\" Soft Training Ball Included. Conventional Back Basket Web.\r\n',0,8.8,'Rawlings_Players_Series_9_inch_Youth_Baseball_Glove_PL90MB__small_623e0b.jpg',NULL,NULL,0,0,'Rawlings_Players_Series_9_inch_Youth_Baseball_Glove_PL90MB__big_e12326.jpg',0,NULL,NULL,NULL,NULL,NULL,NULL,NULL,NULL,NULL,NULL,NULL,1,1,NULL),(181,43,'\r\nSpalding NBA Street Basketball\r\n','\r\nAbout Spalding Founded by Boston Red Stockings pitcher A.G. Spalding and his brother, J. Walter Spalding, in 1876, the company (or its successors) been developing innovative products ever since. From creating the first American football, to producing the first basketball for Dr. James Naismith, to the latest advances in INFUSION technology (balls with built-in pumps), Spalding has been on the cutting edge of the sporting goods industry for well over a century. True to the founders\' vision, the company has delivered quality goods that reflect a commitment to workmanship in every finished product, every step of the way. Today, these products are manufactured by Russell Brands, LLC, owner of the Spalding trademark. Available in two sizes. Performance outdoor cover. Wide channel design for incredible grip and feel. Designed for competitive street play.\r\n',0,16,'Spalding_NBA_Street_Basketball_small_1a2599.jpg',NULL,NULL,0,0,'Spalding_NBA_Street_Basketball_big_57e36a.jpg',0,NULL,NULL,NULL,NULL,NULL,NULL,NULL,NULL,NULL,NULL,NULL,1,1,NULL),(182,43,'\r\nSTX FiddleSTX Two Pack Mini Super Power with Plastic Handle and One Ball, 30-Inch\r\n','\r\nSTX FiddleSTX Mini Super Power Lacrosse Stick Kit includes two mini-sized 36\" sticks and one soft ball. The sticks are constructed with a plastic handle for durability and come with a soft mesh pocket to catch, cradle, throw or shoot the ball. The heads and shafts of the lacrosse sticks are made of plastic. This set can be used in the backyard, beach or even in the dorm room.\r\n',0,28.5,'STX_FiddleSTX_Two_Pack_Mini_Super_Power_with_Plastic_Handle_and__small_0c289e.jpg',NULL,NULL,0,0,'STX_FiddleSTX_Two_Pack_Mini_Super_Power_with_Plastic_Handle_and__big_cfbcb4.jpg',0,NULL,NULL,NULL,NULL,NULL,NULL,NULL,NULL,NULL,NULL,NULL,1,1,NULL),(183,43,'\r\nWilson Soft Play Outdoor Volleyball\r\n','\r\nInspired by volleyball traditions for decades, this solid colored, 18-panel synthetic leather ball is ready for play. Durable construction and butyl rubber bladder, this volleyball is a designed with the recreational player in mind.\r\nSponge backed synthetic leather cover for soft feel\r\n18-panel machine-sewn construction\r\nButyl rubber bladder\r\nIndoor/Outdoor\r\nOfficial size and weight\r\n',0,12,'Wilson_Soft_Play_Outdoor_Volleyball_small_2ebe07.jpg',NULL,NULL,0,0,'Wilson_Soft_Play_Outdoor_Volleyball_big_1fc4c4.jpg',0,NULL,NULL,NULL,NULL,NULL,NULL,NULL,NULL,NULL,NULL,NULL,1,1,NULL),(184,43,'\r\nWilson Tour Slam Adult Strung Tennis Racket\r\n','\r\nGet the power and stability you need to play your best with the Wilson Tour Slam Tennis Racket. The Tour Slam racket features Volcanic Frame Technology which gives you the control and power you need to succeed. A 110 inch head size creates an expanded hitting area that is ideal for players with a moderate swing, while the easy to swing design helps generate extra power and manoeuvrability.\r\n',0,20,'Wilson_Tour_Slam_Adult_Strung_Tennis_Racket_small_16f62a.jpg',NULL,NULL,0,0,'Wilson_Tour_Slam_Adult_Strung_Tennis_Racket_big_c08a2f.jpg',0,NULL,NULL,NULL,NULL,NULL,NULL,NULL,NULL,NULL,NULL,NULL,1,1,NULL),(185,45,'\r\nAtlantis Sky Patrol (Full)\r\n','\r\nMultiplayer: 2 Player Local VS and Co-op. Take flight and knock out more than 100 doomsday devices that have been planted around the world. Travel to each destination on the map and eliminate chains of marbles by strategically matching colors in sets of three. Knock out cleverly placed stationary marbles to block additional chains from entering the track and destroy the device on each level. Easy to learn, but difficult to master, this unique new twist on the classic marble-popping game is nearly impossible to put down! Play through 100 challenging levels and earn coins for unique upgrades. Increase your skills with fun, mini games between levels while enjoying stunning art deco visuals. PLEASE NOTE: This app lets you purchase digital content using actual money. You can configure parental controls for in-app purchases, which will require your Test account password or a 4-digit PIN, by going to the Settings menu from within the Test Appstore.\r\nDiscover more from Big Fish Games! Big Fish is the leading global marketplace to discover and enjoy casual games. You can enjoy our virtually endless selection of games anytime, anywhere — on your Test, devices. Learn more at bigfishgames.com! We have other great Test Appstore games available. Just type in \'Big Fish Games\' for more fun and adventure! You can always find an updated list of all of our games at www.bigfishgames.com. Follow us on Twitter: http://bigfi.sh/BigFishTwitter Become a fan on Facebook: http://www.facebook.com/BigFishGamesMobile\r\n',0,1.99,'Atlantis_Sky_Patrol_Full__small_4ecc37.jpg',NULL,NULL,0,0,'Atlantis_Sky_Patrol_Full__big_8f535d.jpg',0,NULL,NULL,NULL,NULL,NULL,NULL,NULL,NULL,NULL,NULL,NULL,1,1,NULL),(186,45,'\r\nCrazy Taxi\r\n','\r\nBarrel through traffic packed streets, hurdle off parking garages, and crazy combo your way to crazy money in a wild frantic race to scare up the most fares.\r\n___ \r\n\r\nThe Press are going MAD about Crazy Taxi: \r\n\r\n\"This is SEGA doing what SEGA does best.\" -- Giles Turnbull, Cult of Mac \r\n\r\n\"You couldn\'t ask for a more faithful recreation of gaming history.\" -- Modojo \r\n___ \r\nHey hey, come on over and have some fun with Crrrrrazy Taxi! Barrel through traffic packed streets, hurdle off parking garages, and crazy combo your way to crazy money in a wild frantic race to scare up the most fares. In Crazy Taxi, time is money, and only the craziest cabbies come out victorious.\r\nFIERCE ENVIRONMENTS TO MAKE YOUR PASSENGERS GO INSANE\r\n-Extra large hills for extra long hang time \r\n-Parked transporters with conveniently angled ramps \r\n-Painfully slow buses and cable cars to frustrate and annoy \r\n-Occasional deep sea exploration opportunities \r\nDONT GET TOO DELIRIOUS \r\n-Choose from 3, 5 or 10 minute game play in Arcade Mode and Original Mode\r\n',0,4.99,'Crazy_Taxi_small_963b95.jpg',NULL,NULL,0,0,'Crazy_Taxi_big_98d360.jpg',0,NULL,NULL,NULL,NULL,NULL,NULL,NULL,NULL,NULL,NULL,NULL,1,1,NULL),(187,45,'\r\nMinecraft - Pocket Edition\r\n','\r\nPlay the biggest update to Minecraft: Pocket Edition so far! It’s the overhaul of a generation. Download it now and see for yourself!\r\nMinecraft is a game about placing blocks and going on adventures.\r\nPocket Edition includes Survival and Creative modes, multiplayer over a local Wi-Fi network, infinite worlds, caves, new biomes, mobs, villages and lots more. Craft, create and explore anywhere in the world so long as you have hands spare and battery to burn. \r\nThere’s never been a better time to enjoy Minecraft on the move.\r\n',0,6.99,'Minecraft_Pocket_Edition_small_3ed848.jpg',NULL,NULL,0,0,'Minecraft_Pocket_Edition_big_51088a.jpg',0,NULL,NULL,NULL,NULL,NULL,NULL,NULL,NULL,NULL,NULL,NULL,1,1,NULL),(188,45,'\r\nNBA Game Time\r\n','\r\nFollow the NBA and your favorite team on the official app of the NBA.\r\nFeatures include: \r\n•Live team and player stats \r\n•Full game video recaps \r\n•League statistics and schedule information \r\n•Standings – Keep up to date on league standings for the whole NBA. \r\n•Access to Live NBA regular season games through your NBA League Pass (Blackout restrictions apply) subscription\r\n',0,0,'NBA_Game_Time_small_dd363f.jpg',NULL,NULL,0,0,'NBA_Game_Time_big_92425a.jpg',0,NULL,NULL,NULL,NULL,NULL,NULL,NULL,NULL,NULL,NULL,NULL,1,1,NULL),(189,45,'\r\nSonic The Hedgehog 4 Episode I\r\n','\r\nThe sequel fans have waited for is finally here - Sonic The Hedgehog™ 4 Episode I!\r\nFeaturing enhanced gameplay elements, including the classic Sonic Spin Dash, and the versatile Homing Attack, Sonic 4 picks up right where Sonic and Knuckles™ left off.',0,2.99,'Sonic_The_Hedgehog_4_Episode_I_small_3df65f.jpg',NULL,NULL,0,0,'Sonic_The_Hedgehog_4_Episode_I_big_16b9dd.jpg',0,NULL,NULL,NULL,NULL,NULL,NULL,NULL,NULL,NULL,NULL,NULL,1,1,NULL),(190,46,'\r\nComing to America\r\n','\r\nComing to America casts comedian Eddie Murphy as pampered African prince Akeem, who rebels against an arranged marriage and heads to America to find a new bride.\r\n',0,4,'Coming_to_America_small_12b372.jpg',NULL,NULL,0,0,'Coming_to_America_big_f736cc.jpg',0,NULL,NULL,NULL,NULL,NULL,NULL,NULL,NULL,NULL,NULL,NULL,1,1,NULL),(191,46,'\r\nBig Love\r\n','\r\nSpending the summer in a holiday camp with her family, Frances (\'Baby\') falls in love with the camp\'s dancing teacher.\r\n',0,4.99,'Dirty_Dancing_small_e589c3.jpg',NULL,NULL,0,0,'Dirty_Dancing_big_ebb294.jpg',0,NULL,NULL,NULL,NULL,NULL,NULL,NULL,NULL,NULL,NULL,NULL,1,1,NULL),(192,46,'\r\nFunny Face\r\n','\r\nParis, the City of Light, shines even brighter when Audrey Hepburn and Fred Astaire team up for the only time and bring their luminous starpower to this exquisite musical featuring songs by George and Ira Gershwin.\r\n',0,0,'Funny_Face_small_af9d34.jpg',NULL,NULL,0,0,'Funny_Face_big_1bb00a.jpg',0,NULL,NULL,NULL,NULL,NULL,NULL,NULL,NULL,NULL,NULL,NULL,1,1,NULL),(193,46,'\r\nHouseboat \r\n','\r\nTom Winston, a widower, is trying to understand and raise three precocious children alone. He gets a little unexpected help from Cinzia, when the children decide she is be the new maid. She is actually an Italian socialite who is trying to get away from her overprotective father.\r\n',0,4.92,'Houseboat_small_50cc33.jpg',NULL,NULL,0,0,'Houseboat_big_f128e6.jpg',0,NULL,NULL,NULL,NULL,NULL,NULL,NULL,NULL,NULL,NULL,NULL,1,1,NULL),(194,46,'\r\nBig LoveHow to Marry a Millionaire','\r\nThey\'re three beautiful models, looking for the man and the money of their dreams! Almost broke, they pool their funds to rent a posh Manhattan penthouse in which they plan to lure their victims. But the gold digger\'s plans suddenly go awry when two of them fall for men who appear to be poor!\r\n',0,0,'How_to_Marry_a_Millionaire_small_d7c0ac.jpg',NULL,NULL,0,0,'How_to_Marry_a_Millionaire_big_df6c63.jpg',0,NULL,NULL,NULL,NULL,NULL,NULL,NULL,NULL,NULL,NULL,NULL,1,1,NULL),(195,47,'\r\nTest Game Controller\r\n','\r\nWireless Bluetooth game controller with up to 55 hours of battery life, instant GameCircle access, and media controls for the best gaming experience on Test TV\r\n',0,39.99,'Test_Game_Controller_small_e6f564.jpg',NULL,NULL,0,0,'Test_Game_Controller_big_051222.jpg',0,NULL,NULL,NULL,NULL,NULL,NULL,NULL,NULL,NULL,NULL,NULL,1,1,NULL),(196,48,'\r\nTest Fire TV\r\n','\r\nTest Fire TV is a tiny box you connect to your HDTV. It\'s the easiest way to enjoy Netflix, Test Instant Video, Hulu Plus, YouTube.com, low-cost movie rentals, music, and much more\r\nMassive selection—Over 200,000 TV episodes and movies, millions of songs, and hundreds of games. Show me\r\nFree 30-day Prime trial—Unlimited access to thousands of popular movies and TV shows including exclusive content from HBO and titles like Downton Abbey. Learn more\r\nVoice search that actually works—Simply say the name of what you want to watch and start enjoying in seconds\r\nTiny box, huge specs—Fast quad-core processor, 2 GB of memory, dedicated GPU, plus 1080p HD video and Dolby Digital Plus surround sound\r\nEasy to set up and use—Pre-registered to your Test account so you can enjoy favorite titles and personalized recommendations\r\nInstant streaming—Exclusive new feature ASAP predicts what movies and TV episodes you’ll want to watch and buffers them for playback before you hit play\r\nPerfect for parents—Test FreeTime lets you easily limit screen time and create personalized profiles just for kids\r\nGreat for gaming, too—Play blockbuster titles like Minecraft-Pocket Edition, The Walking Dead, and Monsters University, plus free games and Test exclusives. Paid games start from just 99 cents\r\n',0,99,'Test_Fire_TV_small_b3199c.jpg',NULL,NULL,0,0,'Test_Fire_TV_big_ef838d.jpg',0,NULL,NULL,NULL,NULL,NULL,NULL,NULL,NULL,NULL,NULL,NULL,1,1,NULL),(197,50,'\r\nBig Love\r\n','\r\nGenres	Drama\r\nDirector	Rodrigo García\r\nStarring	Bill Paxton, Jeanne Tripplehorn\r\nSupporting actors	Chloë Sevigny, Ginnifer Goodwin, Amanda Seyfried, Douglas Smith, Shawn Doyle, Melora Walters, Joel McKinnon Miller, Daveigh Chase, Jolean Wejbe, Grace Zabriskie, Bruce Dern, Harry Dean Stanton, Mary Kay Place, Matt Ross, Tina Majorino, Lyndsy Fonseca, Keegan Holst, Lawrence O\'Donnell\r\nSeason year	2006\r\nNetwork	HBO\r\nExecutive Producer	Ron Binkowski\r\nPurchase rights	Stream instantly and download to 2 locations Details \r\nFormat	Amazon Instant Video (streaming online video and digital download)\r\n',0,22.52,'Big_Love_small_7cdebb.jpg',NULL,NULL,0,0,'Big_Love_big_3e2971.jpg',0,NULL,NULL,NULL,NULL,NULL,NULL,NULL,NULL,NULL,NULL,NULL,1,1,NULL),(198,50,'\r\nDoctor Who 50th Anniversary The Day of the Doctor\r\n','\r\nGenres	Science Fiction\r\nDirector	Nick Hurran\r\nStarring	Matt Smith, David Tennant\r\nSupporting actors	Jenna Coleman, Billie Piper, John Hurt\r\nStudio	BBC America\r\nCaptions and subtitles	English Details \r\nPurchase rights	Stream instantly and download to 2 locations Details \r\nFormat	Amazon Instant Video (streaming online video and digital download)\r\n',0,17.99,'Doctor_Who_50th_Anniversary_The_Day_of_the_Doctor_small_1b8f8d.jpg',NULL,NULL,0,0,'Doctor_Who_50th_Anniversary_The_Day_of_the_Doctor_big_a7c6e4.jpg',0,NULL,NULL,NULL,NULL,NULL,NULL,NULL,NULL,NULL,NULL,NULL,1,1,NULL),(199,50,'\r\nNeighbors\r\n','\r\nGenres	Comedy\r\nDirector	Nicholas Stoller\r\nStarring	Seth Rogen, Zac Efron\r\nSupporting actors	Elise Vargas, Zoey Vargas, Brian Huskey, Ike Barinholtz, Carla Gallo, Zac Efron, Dave Franco, Halston Sage, Christopher Mintz-Plasse, Jerrod Carmichael, Craig Roberts, Ali Cobrin, Kira Sternbach, Fahim Anwar, Ori Kalmus, Steven Michael Eich, Andy Samberg, Akiva Schaffer\r\nStudio	Universal Pictures\r\nMPAA rating	R (Restricted)\r\nCaptions and subtitles	English Details \r\nPurchase rights	Stream instantly and download to 2 locations Details \r\nFormat	Amazon Instant Video (streaming online video and digital download)\r\n',0,17.99,'Neighbors_small_015ac8.jpg',NULL,NULL,0,0,'Neighbors_big_17d07f.jpg',0,NULL,NULL,NULL,NULL,NULL,NULL,NULL,NULL,NULL,NULL,NULL,1,1,NULL),(200,50,'\r\nRome\r\n','\r\nGenres	Military & War, Drama, Romance, Action\r\nDirector	Michael Apted\r\nStarring	Kevin McKidd, Ray Stevenson\r\nSupporting actors	Polly Walker, Kenneth Cranham, Lindsay Duncan, Tobias Menzies, Kerry Condon, Karl Johnson, Indira Varma, David Bamber, Max Pirkis, Lee Boardman, Nicholas Woodeson, Suzanne Bertish, Paul Jesson, James Purefoy, Ciarán Hinds, Manfredi Aliquo, Lidia Biondi, Allan Caister Pearce\r\nSeason year	2005\r\nNetwork	HBO\r\nExecutive Producer	Michael Apted\r\nPurchase rights	Stream instantly and download to 2 locations Details \r\nFormat	Amazon Instant Video (streaming online video and digital download)\r\n',0,20.98,'Rome_small_6087b5.jpg',NULL,NULL,0,0,'Rome_big_2147ad.jpg',0,NULL,NULL,NULL,NULL,NULL,NULL,NULL,NULL,NULL,NULL,NULL,1,1,NULL),(201,50,'\r\nTrue Blood \r\n','\r\nGenres	Fantasy, Drama, Thriller, Romance, Mystery\r\nDirector	Alan Ball\r\nStarring	Anna Paquin, Stephen Moyer\r\nSupporting actors	Sam Trammell, Ryan Kwanten, Rutina Wesley, Chris Bauer, Nelsan Ellis, Jim Parrack, Carrie Preston, Michael Raymond-James, William Sanderson, Lynn Collins, Lois Smith, James Parks, Karina Logue, Danielle Sapia, Josh Kelly, Jessica Stroup, Lorna Scott, Jessica Tuck\r\nSeason year	2008\r\nNetwork	HBO\r\nExecutive Producer	Alan Ball\r\nPurchase rights	Stream instantly and download to 2 locations Details \r\nFormat	Amazon Instant Video (streaming online video and digital download)\r\n',0,18.99,'True_Blood_small_0f4b63.jpg',NULL,NULL,0,0,'True_Blood_big_f2b415.jpg',0,NULL,NULL,NULL,NULL,NULL,NULL,NULL,NULL,NULL,NULL,NULL,1,1,NULL),(202,51,'\r\nAmerican Pickers\r\n','\r\nMike comes across a 150 year old Martin guitar which just might be the big ticket item he s been searching for.\r\nGenres	Reality TV, Documentary\r\nDirector	Ian Gelfand\r\nStarring	Danielle Colby-Cushman, Frank Fritz\r\nSupporting actors	Mike Wolfe\r\nSeason year	2013\r\nNetwork	A&E Television Networks\r\nPurchase rights	Stream instantly and download to 2 locations Details \r\nFormat	Amazon Instant Video (streaming online video and digital download)\r\n',0,0.99,'American_Pickers_small_f5ab73.jpg',NULL,NULL,0,0,'American_Pickers_big_e7f4b8.jpg',0,NULL,NULL,NULL,NULL,NULL,NULL,NULL,NULL,NULL,NULL,NULL,1,1,NULL),(203,51,'\r\nChocolat\r\n','\r\nNobody could have imagined the impact that the striking Vianne (Binoche) would make when she arrived in an old-fashioned French town. In her chocolate shop, Vianne begins to create mouth-watering confections that inspire the villagers to abandon themselves to happiness! But it is not until another stranger, the handsome Roux arrives in town that Vianne is finally able to recognize her own desires!\r\n',0,6.29,'Chocolat_small_55b7aa.jpg',NULL,NULL,0,0,'Chocolat_big_c91b7a.jpg',0,NULL,NULL,NULL,NULL,NULL,NULL,NULL,NULL,NULL,NULL,NULL,1,1,NULL),(204,51,'\r\nOrphan Black \r\n','\r\nSarah, a streetwise hustler on the run, witnesses the suicide of a stranger who looks just like her. Sarah assumes her identity, hoping that cleaning out the dead woman\'s bank account will solve all of her problems. Instead, after taking on the new identity, Sarah quickly finds herself caught in the middle of a deadly conspiracy and must race to find answers.\r\n',0,16.99,'Orphan_Black_small_b124b2.jpg',NULL,NULL,0,0,'Orphan_Black_big_648f3f.jpg',0,NULL,NULL,NULL,NULL,NULL,NULL,NULL,NULL,NULL,NULL,NULL,1,1,NULL),(205,51,'\r\nReview\r\n','\r\nCritic Forrest MacNeil reviews real-life experiences that include stealing, addiction, and the prom.\r\n',0,0.99,'Review_small_e704cf.jpg',NULL,NULL,0,0,'Review_big_0f0860.jpg',0,NULL,NULL,NULL,NULL,NULL,NULL,NULL,NULL,NULL,NULL,NULL,1,1,NULL),(206,51,'\r\nSpongeBob SquarePants \r\n','\r\nSpongeBob finally applies for a job at the Krusty Krab / SpongeBob finds the perfect use for his high powered reef blower / SpongeBob meets Sandy Cheeks for the first time.\r\n',0,14.53,'SpongeBob_SquarePants_small_0b08a8.jpg',NULL,NULL,0,0,'SpongeBob_SquarePants_big_15d508.jpg',0,NULL,NULL,NULL,NULL,NULL,NULL,NULL,NULL,NULL,NULL,NULL,1,1,NULL),(207,52,'\r\nCovert Affairs\r\n','\r\nAs Annie and Auggie consider their future, a connection to someone from Annie\'s past leads her on a mission to stop a terrorist threat on US soil. Workplace tension rises as Calder and Joan discover who will become the new boss while Arthur considers a career in the private sector.\r\n',0,1.99,'Covert_Affairs_small_8028d6.jpg',NULL,NULL,0,0,'Covert_Affairs_big_7efee1.jpg',0,NULL,NULL,NULL,NULL,NULL,NULL,NULL,NULL,NULL,NULL,NULL,1,1,NULL),(208,52,'\r\nPretty Little Liars\r\n','\r\nIn the season five premiere, the Liars deal with the aftermath of Alison\'s revelations and Ezra\'s shooting and realize \"A\" is closer than ever.\r\n',0,0,'Pretty_Little_Liars_small_ee48f6.jpg',NULL,NULL,0,0,'Pretty_Little_Liars_big_60c51f.jpg',0,NULL,NULL,NULL,NULL,NULL,NULL,NULL,NULL,NULL,NULL,NULL,1,1,NULL),(209,52,'\r\nRizzoli & Isles\r\n','\r\nIn the season premiere, a jogger\'s murder takes on more urgency as Jane realizes the motive was theft ... of the woman\'s baby. Maura and Frankie face the aftermath of their kiss.\r\n',0,0,'Rizzoli_Isles_small_76c2d6.jpg',NULL,NULL,0,0,'Rizzoli_Isles_big_e1caf9.jpg',0,NULL,NULL,NULL,NULL,NULL,NULL,NULL,NULL,NULL,NULL,NULL,1,1,NULL),(210,52,'\r\nSpider-Man 3 \r\n','\r\nNew York City is in the throes of Spider-mania, and Peter Parker finally has the girl of his dreams. But just when it seems like things can\'t get any better, Spider-Man must fight the most terrifying trio of villains he\'s ever encountered?the deadly Sandman, the New Goblin, and Venom?plus the enemy he discovers within himself.\r\n',0,7.79,'Spider_Man_3_small_76275c.jpg',NULL,NULL,0,0,'Spider_Man_3_big_9a341a.jpg',0,NULL,NULL,NULL,NULL,NULL,NULL,NULL,NULL,NULL,NULL,NULL,1,1,NULL);
/*!40000 ALTER TABLE `tbl_products` ENABLE KEYS */;
UNLOCK TABLES;

--
-- Table structure for table `tbl_products_opt_val_variants`
--

DROP TABLE IF EXISTS `tbl_products_opt_val_variants`;
/*!40101 SET @saved_cs_client     = @@character_set_client */;
/*!40101 SET character_set_client = utf8 */;
CREATE TABLE `tbl_products_opt_val_variants` (
  `variantID` int(11) NOT NULL AUTO_INCREMENT,
  `optionID` int(11) NOT NULL,
  `name` varchar(255) DEFAULT NULL,
  `sort_order` int(11) DEFAULT '0',
  PRIMARY KEY (`variantID`),
  KEY `optionID` (`optionID`),
  CONSTRAINT `tbl_products_opt_val_variants_ibfk_1` FOREIGN KEY (`optionID`) REFERENCES `tbl_product_options` (`optionID`) ON DELETE CASCADE ON UPDATE CASCADE
) ENGINE=InnoDB AUTO_INCREMENT=12 DEFAULT CHARSET=utf8;
/*!40101 SET character_set_client = @saved_cs_client */;

--
-- Dumping data for table `tbl_products_opt_val_variants`
--

LOCK TABLES `tbl_products_opt_val_variants` WRITE;
/*!40000 ALTER TABLE `tbl_products_opt_val_variants` DISABLE KEYS */;
INSERT INTO `tbl_products_opt_val_variants` VALUES (1,1,'Red',0),(2,1,'Blue',0),(3,1,'Green',0),(4,1,'Yellow',0),(5,2,'Apple',0),(6,2,'NBA',0),(7,2,'InterDesign',0),(8,2,'Sony Pictures Entertainment',0),(9,3,'Brand New',0),(10,3,'Used/Preowned',0),(11,3,'Refurbished',0);
/*!40000 ALTER TABLE `tbl_products_opt_val_variants` ENABLE KEYS */;
UNLOCK TABLES;

--
-- Table structure for table `tbl_review`
--

DROP TABLE IF EXISTS `tbl_review`;
/*!40101 SET @saved_cs_client     = @@character_set_client */;
/*!40101 SET character_set_client = utf8 */;
CREATE TABLE `tbl_review` (
  `reviewID` int(11) NOT NULL AUTO_INCREMENT,
  `productID` int(11) DEFAULT NULL,
  `username` varchar(50) DEFAULT NULL,
  `email` varchar(50) DEFAULT NULL,
  `review` text,
  `date_time` timestamp NOT NULL DEFAULT CURRENT_TIMESTAMP,
  `moder` int(11) NOT NULL DEFAULT '0',
  `rating` tinyint(2) NOT NULL DEFAULT '0',
  PRIMARY KEY (`reviewID`)
) ENGINE=InnoDB AUTO_INCREMENT=501 DEFAULT CHARSET=utf8;
/*!40101 SET character_set_client = @saved_cs_client */;

--
-- Dumping data for table `tbl_review`
--

LOCK TABLES `tbl_review` WRITE;
/*!40000 ALTER TABLE `tbl_review` DISABLE KEYS */;
INSERT INTO `tbl_review` VALUES (1,30,'ExecVP','eml0_execvp@example.com','I have always loved this musical and the songs in it.','2014-07-28 17:43:49',0,5),(2,90,'ExecVP','eml1_execvp@example.com','It really does keep my lap cool-no more burnt legs','2014-07-28 17:39:56',0,4),(3,91,'kimberly88','eml2_kimberly88@example.com','i love it it is just hard to get it connected to wifi','2014-07-28 17:39:34',0,5),(4,7,'flowerlady','eml3_flowerlady@example.com','I was frustrated with my previous router because I was always getting disconnected. Since I got the Netgear N Router I no longer have that problem. It works perfectly!','2014-07-28 17:38:52',0,5),(5,29,'ExecVP','eml4_execvp@example.com','The chip that switches into saver mode when fully charged is a nice feature.','2014-07-28 17:32:17',0,4),(6,7,'Joseph','eml5_joseph@example.com','It was an ok device for viewing satellite tv but not so great when viewing intranet content','2014-07-28 17:22:17',0,3),(7,19,'Kharizma','eml6_kharizma@example.com','Otterbox makes amazing products. They have outstanding customer service as well, will always choose their products over others','2014-07-28 17:07:07',0,5),(8,22,'','eml7_@example.com','It is easily downloadable by cd and product code number','2014-07-28 16:56:22',0,3),(9,76,'shua93','eml8_shua93@example.com','This is a great hard drive, its easy to use and has great space','2014-07-28 16:50:51',0,5),(10,22,'shua93','eml9_shua93@example.com','This keyboard is fantastic, it has two positions and is surprisingly sturdy','2014-07-28 16:48:58',0,5),(11,25,'shua93','eml10_shua93@example.com','So this version of widows office is a lot more user friendly than previous versions','2014-07-28 16:42:58',0,4),(12,10,'shua93','eml11_shua93@example.com','I love this computer, best purchase I ever made! !!','2014-07-28 16:39:08',0,5),(13,112,'KimmieLyds','eml12_kimmielyds@example.com','Perfect cable. Size was exactly as said. Very easy to use &amp; connect. Great deal as well!','2014-07-28 16:38:56',0,5),(14,73,'Norton','eml13_norton@example.com','I have tried several brands of bluetooth earpieces, Jabra has always been one of the better brands. Don	 let the entry level price of this model fool you, this item works well!','2014-07-28 16:15:59',0,5),(15,1,'jjayala2005','eml14_jjayala2005@example.com','Overall Good game and good deal for the price, specially for a PS3 game','2014-07-28 16:05:58',0,5),(16,93,'jjayala2005','eml15_jjayala2005@example.com','Overall Good movie and good deal for the price, specially for a BluRay disc','2014-07-28 16:03:21',0,4),(17,95,'fizzyeye5','eml16_fizzyeye5@example.com','I purchased this controller for our Xbox 360 several months ago. It has performed just as well as the original controllers, and is quite durable considering the regular rough handling it undergoes. I highly recommend this controller.','2014-07-28 16:01:29',0,4),(18,101,'jjayala2005','eml17_jjayala2005@example.com','Good movie and good deal for the price, specially for a BluRay disc','2014-07-28 16:00:44',0,5),(19,25,'BOLUS','eml18_bolus@example.com','WIRELESS SET UP WAS QUICK AND EASY. MOUSE PERFORMS WELL. ON-OFF SWITCH GREATLY EXTENDS BATTERY LIFE.\nWOULD RECOMEND TO OTHERS.','2014-07-28 15:56:49',0,4),(20,67,'Kyle','eml19_kyle@example.com','Worked like it should. It just plugged in directly to the TV from my Mac with no issues.','2014-07-28 15:54:59',0,5),(21,46,'Skiptastic2014','eml20_skiptastic2014@example.com','Its an ipad, best tablet out there. Period! You can	 find anything better out there.','2014-07-28 15:53:24',0,5),(22,78,'eli2003','eml21_eli2003@example.com','First time buying a lens and i love the quality of it!!!','2014-07-28 15:53:20',0,5),(23,16,'MrPink','eml22_mrpink@example.com','I bought 4 so I can have on almost everywhere. I use them in the car, travelling, at the office and at home to conduct teleconferences. It works well everywhere.','2014-07-28 15:52:49',0,5),(24,21,'STEMteach','eml23_stemteach@example.com','Got this for vacation and it is amazing! Great to have hd video and pics while in the water and on land. Finding new ways to save memories everywhere!','2014-07-28 15:34:58',0,5),(25,102,'stymob5','eml24_stymob5@example.com','This stylus is a life saver, no more accidental commands on my touchscreen tablet','2014-07-28 15:33:35',0,5),(26,48,'Miloyuuup','eml25_miloyuuup@example.com','This printer was an upgrade to an older Canon printer. I love that I can print from my iphone/iPad . Much better than my old one. The sale price was great.','2014-07-28 15:25:59',0,5),(27,18,'mymacbookpro','eml26_mymacbookpro@example.com','This Power Adapter for my MacBook works perfect for me and its easy to use.','2014-07-28 15:25:23',0,5),(28,81,'Miloyuuup','eml27_miloyuuup@example.com','Great album, Ive had it before bit lost it. Its at a very great price and I couldn	 turn it down. Its worth it.','2014-07-28 15:20:30',0,5),(29,73,'WarGamer','eml28_wargamer@example.com','These are easily the best pictures weve ever taken. Includes a quick-start book. No case for camera. Camera is a beautiful purple color that has gotten lots of compliments.','2014-07-28 15:04:56',0,5),(30,97,'CommonMan','eml29_commonman@example.com','Bought this for my Kindle HD tablet and am very happy with the quality and function. magnetic cover closes nicely, good standing ability, A bit pricey but overall an excellent cover.','2014-07-28 15:03:06',0,5),(31,90,'Gelrevo','eml30_gelrevo@example.com','I bought this movie for my daughter and she loved it , very age appropriate','2014-07-28 15:03:02',0,5),(32,104,'AvidMovieFan','eml31_avidmoviefan@example.com','A silly parody that turns out to be highly entertaining. Worth checking out.','2014-07-28 14:59:10',0,4),(33,45,'','eml32_@example.com','good graphics little hard at times but overall a nice game','2014-07-28 14:58:51',0,5),(34,114,'AvidMovieFan','eml33_avidmoviefan@example.com','Classic movie of the 80s. Great music, good young cast, and still better than there make.','2014-07-28 14:52:43',0,4),(35,112,'crad99','eml34_crad99@example.com','great movie to watch with great acting and good storyline','2014-07-28 14:50:06',0,5),(36,107,'AvidMovieFan','eml35_avidmoviefan@example.com','Good movie and a throwback to the hub bub that came about when it came out. Holds up well and looks great on blu ray.','2014-07-28 14:49:44',0,4),(37,94,'Ceej','eml36_ceej@example.com','I bought this for me to enjoy. My boys were watching it with me and love it now. What may have started in Manga has become my favorite anime series.','2014-07-28 14:49:44',0,5),(38,41,'AvidMovieFan','eml37_avidmoviefan@example.com','Funny romantic comedy with a fresh take and good cast.','2014-07-28 14:45:22',0,5),(39,97,'AvidMovieFan','eml38_avidmoviefan@example.com','Great bundle of games for a good price. Journey is amazing!','2014-07-28 14:44:25',0,5),(40,24,'ConsumerJC','eml39_consumerjc@example.com','Needed some additional 3D glasses for when guests come by. Nice that they are readily available and were priced good.','2014-07-28 14:40:53',0,5),(41,77,'AvidMovieFan','eml40_avidmoviefan@example.com','Great blu ray to upgrade from the dvd. And at a great price!','2014-07-28 14:40:27',0,5),(42,63,'Adyreyesmontes15','eml41_adyreyesmontes15@example.com','I Love shop DVD in the store because is good prices','2014-07-28 14:40:04',0,5),(43,10,'','eml42_@example.com','Ive taken over 150 photos so far and camera hasn	 even indicated that\nuse, still shows empty memory card - ??love it','2014-07-28 14:39:53',0,5),(44,37,'Taylor','eml43_taylor@example.com','Good price easy setup good pic great to watch movies on the internet','2014-07-28 14:39:48',0,4),(45,11,'obi1jedi','eml44_obi1jedi@example.com','We have a dog that has late night accidents sometimes, so this SpotBot comes in real handy. Its quick and it gets the job done. Its easy-to-use and its easy to carry around the house. A must-have for dog owners like myself.','2014-07-28 14:39:43',0,5),(46,9,'olivia','eml45_olivia@example.com','This is a wonderful movie, my daughter watches it almost everyday.','2014-07-28 14:37:57',0,4),(47,17,'moneyG100','eml46_moneyg100@example.com','Great plot but movie was to slow. Needed faster action.','2014-07-28 14:37:03',0,4),(48,102,'','eml47_@example.com','I like the apple tv its wireless and high definition, goes perfectly with my macbook pro','2014-07-28 14:32:23',0,5),(49,106,'mumrc5','eml48_mumrc5@example.com','reasonable priced and adequate storage fro my needs','2014-07-28 14:30:07',0,3),(50,91,'gunnythebunny','eml49_gunnythebunny@example.com','Great buy. Very reliable. Great with other apps . Easy to use .','2014-07-28 14:27:46',0,5),(51,93,'wolfman22','eml50_wolfman22@example.com','Good acting. Lots of action. Lots of drama. Would recommend to a friend.','2014-07-28 14:21:30',0,5),(52,92,'Suzy','eml51_suzy@example.com','Great price of the amount of sleeves. Convenient for when you don	 want too much bulk to store CDs/DVDs.','2014-07-28 14:18:36',0,5),(53,97,'josh5313','eml52_josh5313@example.com','If you like the first 300 then youll like this one. More of the same that made the first one good.','2014-07-28 14:17:35',0,5),(54,105,'josh5313','eml53_josh5313@example.com','Great movie for the whole family. Even better on bluray','2014-07-28 14:16:32',0,5),(55,105,'knoxdogs','eml54_knoxdogs@example.com','Love the iPad. Had one for several years and traded it in toward this one. So pleased with the product, the screen clarity, the ease of setup.','2014-07-28 14:16:09',0,5),(56,49,'eandj','eml55_eandj@example.com','Great camera case. Lots of storage space. Compartments for camera, extra battery and charger and extra lenses.','2014-07-28 14:08:45',0,5),(57,37,'Travelbuddy','eml56_travelbuddy@example.com','Can	 live with out one! Great replacement. Always need plenty of these cords laying around.','2014-07-28 14:08:36',0,5),(58,94,'eandj','eml57_eandj@example.com','Very useful as a backup storage for my camera. I would recommend this.','2014-07-28 14:06:27',0,5),(59,28,'Tobrin','eml58_tobrin@example.com','All the improvements that have gone into the controller feel more defined and register better. I really enjoy the improvement to the D-Pad.','2014-07-28 14:03:17',0,5),(60,31,'Hannahnewton','eml59_hannahnewton@example.com','I love this case! Its very protective, but doesn	 add much bulk or weight to the phone.','2014-07-28 14:03:06',0,5),(61,20,'Travelbuddy','eml60_travelbuddy@example.com','Its great. It charges very quickly. It keeps my iPad up and going on the road. Love it','2014-07-28 14:02:46',0,5),(62,77,'eandj','eml61_eandj@example.com','Great camera for beginners. Easy to use, takes great pictures.','2014-07-28 14:00:35',0,5),(63,71,'Chickie','eml62_chickie@example.com','Ive tried so many different ear buds for working out and these are by far the best for sound and fit.','2014-07-28 13:59:59',0,5),(64,96,'Brancsa','eml63_brancsa@example.com','This is an excellent CD with all the favorite tunes collected. Great sound quality too!','2014-07-28 13:57:48',0,5),(65,64,'Brancsa','eml64_brancsa@example.com','Great unit and easy installation. The picture on screens and sound quality are 1st class. I really appreciated the headphones on our recent long drive!','2014-07-28 13:55:34',0,5),(66,29,'Misskourtni','eml65_misskourtni@example.com','Great music! Fave song I don	 love you anymore! :)','2014-07-28 13:48:43',0,5),(67,6,'LMbell','eml66_lmbell@example.com','I love this season, I got good price for it.. I already buy the third season..','2014-07-28 13:48:04',0,4),(68,34,'babyblue1234','eml67_babyblue1234@example.com','it was a great movie and loved the way it was filmed, also great price for it.','2014-07-28 13:43:21',0,5),(69,99,'debbie','eml68_debbie@example.com','put me in good graces with the grandson\nwas so pleased that I found a keyboard that he could use with his tablet','2014-07-28 13:41:04',0,5),(70,31,'','eml69_@example.com','This family is so real and stand for so many good things, love them!','2014-07-28 13:38:36',0,5),(71,41,'VaMtnMomma','eml70_vamtnmomma@example.com','My 3rd Iphone and the battery life already stinks on it, other than that, everything is great :)','2014-07-28 13:37:26',0,4),(72,104,'elvel46','eml71_elvel46@example.com','well recomm to anyone looking for a new game to play','2014-07-28 13:35:17',0,3),(73,80,'TVMAN','eml72_tvman@example.com','Very easy to set up. You won	 be disappointed, I thought I had a good TV till I brought this home and was totally blown away. Very satisfied and would recommend this to anyone. Now I can	 get anything done except watch this amazing picture from Samsung . Thanks samsung WOW!!!','2014-07-28 13:22:50',0,5),(74,68,'Barnacle','eml73_barnacle@example.com','Im happy with my decision to purchase this item. Just think it was a bit overpriced.','2014-07-28 13:16:29',0,4),(75,21,'HaPPiuSeR','eml74_happiuser@example.com','I was looking for a Bluetooth that was easy to set up and manage. This one is great, and sounds wonderful.','2014-07-28 13:14:29',0,5),(76,93,'Mishel978','eml75_mishel978@example.com','My daughter loves them so much, I have purchased them twice already!','2014-07-28 13:10:43',0,4),(77,78,'pball42','eml76_pball42@example.com','Great for an extra bedroom TV. It was very inexpensive for such a large quality screen.','2014-07-28 13:08:27',0,5),(78,87,'pimpjuice415','eml77_pimpjuice415@example.com','Well first and foremost I bought this system to put in the family room so that the kids and I can have a system we can all play and I have to admit that it is a lot of fun Thumbs Up for the family and I','2014-07-28 13:08:04',0,5),(79,84,'Denia66','eml78_denia66@example.com','Is very practical and convenient, and it fits very well!','2014-07-28 13:06:20',0,5),(80,7,'Denia66','eml79_denia66@example.com','They last long enough, I bought them for an instant camera.','2014-07-28 13:02:55',0,5),(81,106,'Denia66','eml80_denia66@example.com','Its very helpful, easy to use, good price, I recomend it!','2014-07-28 12:59:22',0,4),(82,37,'Cat1','eml81_cat1@example.com','Its exactly what I was looking for. The prices was right.','2014-07-28 12:57:10',0,5),(83,87,'Trishb','eml82_trishb@example.com','This is a great phone case and the extended battery life is just what I needed! Love this case!','2014-07-28 12:53:31',0,5),(84,110,'shortorange','eml83_shortorange@example.com','I love it. My wife loves it. My daughter loves it.','2014-07-28 12:52:56',0,5),(85,107,'jescol66','eml84_jescol66@example.com','This film was mesmerizing. It reminded me of the classic Watership Down. I do hope they can remake Watership Down and Make it look as beautiful as this film was made. Its a moving work of art.','2014-07-28 12:51:46',0,4),(86,23,'Amy123','eml85_amy123@example.com','Love this phone, easy to operate and perfect size for me, not too big and not too small.','2014-07-28 12:51:00',0,5),(87,26,'flanmann','eml86_flanmann@example.com','Solid charger, easy to carry around, quick recharge','2014-07-28 12:47:03',0,5),(88,16,'Beetle','eml87_beetle@example.com','Love it easy to use. Used for collecting graduation photos &amp; videos','2014-07-28 12:46:51',0,5),(89,64,'frankee1991me','eml88_frankee1991me@example.com','If you grew up in the 1980 you new this film its a cult clasic then or now still worth a watch for old and new','2014-07-28 12:41:20',0,4),(90,21,'Tank','eml89_tank@example.com','As soon as we put the printer cartridge in , believe it or not the printer started to be able to print color . Wow.','2014-07-28 12:24:45',0,5),(91,87,'Gyro','eml90_gyro@example.com','The USB phone charger works fine. It is not noteworthy.','2014-07-28 12:23:39',0,4),(92,79,'Anrim','eml91_anrim@example.com','Im very happy with this purchase. The dishwasher is easy to operate and cleans dishes very well. It is very quiet, which is perfect for our open kitchen and living space. Reasonably priced for such a great machine.','2014-07-28 12:21:55',0,5),(93,47,'Drew','eml92_drew@example.com','This memory card is a Great value with plenty of storage.','2014-07-28 12:19:33',0,5),(94,76,'pkringle','eml93_pkringle@example.com','Easy accessory to use to project what is on a computer to TV.','2014-07-28 12:15:35',0,4),(95,34,'gambit7288','eml94_gambit7288@example.com','Linkin Park is one of my favorite bands.All the tracks are great.','2014-07-28 12:10:03',0,5),(96,106,'drdavids','eml95_drdavids@example.com','You can	 have too many styli. I usually repave my stylus after 6 months of daily wear-and-tear. This one fit the bill. It is comfortable and I anticipate it will hold up well to daily use.','2014-07-28 12:09:59',0,5),(97,34,'Jumpman2304','eml96_jumpman2304@example.com','Overall a nice movie although a little on the long side.','2014-07-28 12:09:54',0,4),(98,31,'new2cvd','eml97_new2cvd@example.com','I bought this TV to fit in a cabinet above my refrigerator. It was one of the few 32\" TVs that had a thin enough bezel to allow enough clearance to fit properly in my cabinet. The picture quality is good and sound is as good as can be expected from a TV this size.','2014-07-28 12:08:08',0,4),(99,113,'gambit7288','eml98_gambit7288@example.com','Always love these movies. Very good buy in the marvel collection.','2014-07-28 12:08:07',0,5),(100,92,'Jumpman2304','eml99_jumpman2304@example.com','Always a great album when Common releases music, a true throwback to the hip-hop world. Definitely better compared to the artists that are out now','2014-07-28 12:05:27',0,4),(101,87,'rgomes','eml100_rgomes@example.com','good does what I need at done it a reasonable price need I say more','2014-07-28 12:02:58',0,4),(102,19,'champ1948','eml101_champ1948@example.com','love this shredder it has quite smooth operation.\n\nit also is very easy to use.','2014-07-28 12:01:22',0,5),(103,14,'Mtc469','eml102_mtc469@example.com','Case is huge but I have dropped phone a bunch of times and stayed secure thanks to the cas','2014-07-28 12:00:27',0,4),(104,71,'Mtc469','eml103_mtc469@example.com','The case is ok. Looks more pretty then it does as far as securing the phone.','2014-07-28 11:58:41',0,3),(105,4,'','eml104_@example.com','What a great way to get introduced to 3- D blu- ray. Awesome visuals. I bought it because of the price, but it was a really entertaining motion picture and had a good meaning to the overall story.','2014-07-28 11:57:55',0,5),(106,36,'11AJ','eml105_11aj@example.com','Mouse is working good and it was very good daily deal.','2014-07-28 11:57:10',0,4),(107,100,'number1010010001','eml106_number1010010001@example.com','I have been a fan of the show for years and these episodes still tickle me','2014-07-28 11:54:48',0,5),(108,88,'Kitty','eml107_kitty@example.com','I love the sound quality they produce. I love this color blue too!!!','2014-07-28 11:51:51',0,4),(109,81,'number1010010001','eml108_number1010010001@example.com','I was looking to replace the cheapo ones that came with my phone. These were cheap and good quality sound','2014-07-28 11:51:01',0,4),(110,87,'sacredflower','eml109_sacredflower@example.com','I don	 do anything crazy on this machine but go on the internet and stuff like that so it runs great for me.','2014-07-28 11:48:59',0,5),(111,6,'WABestBuyer','eml110_wabestbuyer@example.com','This is the second exact razor I purchased and it still is my favorite. I still have the first one and use it occasionally when traveling!','2014-07-28 11:47:36',0,5),(112,27,'number1010010001','eml111_number1010010001@example.com','If you have any other seasons of futurama this one has to be part of that collection','2014-07-28 11:47:35',0,5),(113,48,'Generalp','eml112_generalp@example.com','Holds everything I need when traveling with my tablet. Small and not bulky. Its just right for its purpose','2014-07-28 11:42:12',0,5),(114,44,'Becky','eml113_becky@example.com','An excellent buy for beginners in that its easy to use, quality picture and sound. Light and portable for access to many things wherever you may be.','2014-07-28 11:38:05',0,5),(115,27,'TheGuvna','eml114_theguvna@example.com','If you like the Inbetweeners then youll love this movie. Very funny as is the TV show. Cant wait for #2 to come out.','2014-07-28 11:37:17',0,5),(116,75,'minitrmn','eml115_minitrmn@example.com','The Speaker sounds awesome and really rocks. I use it primarily outside. The Bass is Deep and the Highs are crisp and clear. Easy hookup using Bluetooth and away you go.\n\nThumbs up','2014-07-28 11:36:01',0,4),(117,25,'Electronic1','eml116_electronic1@example.com','Pretty good sound. It blocks out background noise.','2014-07-28 11:35:05',0,3),(118,13,'TheGuvna','eml117_theguvna@example.com','A pretty good all around movie. Good storyline &amp; characters, some good funny moments also.\nWorth seeing.','2014-07-28 11:32:56',0,3),(119,90,'smc1025','eml118_smc1025@example.com','Id read many good thins about the game and I decided to give it a shot. I did not play the 1st one, but I easily got interested in the story in this game. Im still early into it, but so far, so good!','2014-07-28 11:31:43',0,5),(120,89,'TheGuvna','eml119_theguvna@example.com','A very fun, comical yet interesting movie. Well worth a watch.','2014-07-28 11:30:25',0,4),(121,95,'Rome','eml120_rome@example.com','My daughter got this phone she loves it for texting so far so good the camera feature is decent','2014-07-28 11:29:33',0,3),(122,80,'Tony80','eml121_tony80@example.com','The portable cd drive came with my laptop. Really easy to use.','2014-07-28 11:29:16',0,4),(123,14,'Rome','eml122_rome@example.com','Pretty good phone I use it for work and at home, camera feature is good to also battery life is good','2014-07-28 11:27:53',0,4),(124,103,'Skagen','eml123_skagen@example.com','This is IMO the perfect mouse! No nonsense - just high quality and perfect size for a laptop mouse. I love the two-mode scroll wheel and the small receiver that can be left in the laptop USB port. Really nice!','2014-07-28 11:25:45',0,5),(125,45,'Adamant3','eml124_adamant3@example.com','I use this memory card for my HD action video camera and it works perfect. No issues so far, highly recommended. Bought it when it was on sale and was a great deal.','2014-07-28 11:25:09',0,5),(126,72,'','eml125_@example.com','It does what its supposed to. End of review. Get one.','2014-07-28 11:25:08',0,5),(127,108,'Tony80','eml126_tony80@example.com','I like how it was free with the purchase of my laptop.','2014-07-28 11:25:06',0,4),(128,12,'Adamant3','eml127_adamant3@example.com','Great cord, works perfect. It is much thicker and higher quality compared to cord that came with IPhone 5. It also comes with Velcro strap to help manage the 10 ft. length. Works well at home and in the car.','2014-07-28 11:23:35',0,5),(129,99,'Tony80','eml128_tony80@example.com','I would really recommend this laptop. The price was well worth it.','2014-07-28 11:22:14',0,4),(130,67,'aadam1986magh','eml129_aadam1986magh@example.com','They movie was very entertaining and engaging throughout.','2014-07-28 11:21:45',0,4),(131,113,'aadam1986magh','eml130_aadam1986magh@example.com','They movie was very entertaining and engaging throughout.','2014-07-28 11:19:48',0,4),(132,49,'aadam1986magh','eml131_aadam1986magh@example.com','They movie was very entertaining and engaging throughout.','2014-07-28 11:19:11',0,5),(133,78,'deuceman','eml132_deuceman@example.com','like the camera, nice looking and is easy to use. like the recharge feature and it seems to be very durable. the pictures are clear as well as the videos taken.','2014-07-28 11:17:50',0,5),(134,28,'Nick','eml133_nick@example.com','I like the iPhone 5s better than the 4s model. Still getting used to the many available apps and texting is new to me. Easy to use.','2014-07-28 11:15:18',0,5),(135,103,'Folsom83','eml134_folsom83@example.com','Its great for it price... like the fact that it will start from the beginning of a song when I change stations.','2014-07-28 11:14:55',0,5),(136,19,'','eml135_@example.com','This X-Men story is definitely not as epic as some of the X-Men movies I have seen. It is more restrained and quiet compared to what we are used to seeing. Lots of personal struggles and internal strife. Worth seeing if you are a fan.','2014-07-28 11:13:16',0,4),(137,12,'Minnesota1980','eml136_minnesota1980@example.com','Used to run through basement ceiling across basement. Long enough and does the job.','2014-07-28 11:12:09',0,5),(138,82,'','eml137_@example.com','bought this as a gift for a friend that is a fan of the film','2014-07-28 11:10:46',0,5),(139,24,'Cloggermom','eml138_cloggermom@example.com','This is our familys 3 rd pair. My kids really love them.','2014-07-28 11:07:15',0,5),(140,39,'Seaside','eml139_seaside@example.com','I purchased an IPod 64MB for my nephews birthday! He was frozen in happiness! It was a perfect gift!','2014-07-28 11:06:23',0,5),(141,52,'Greg','eml140_greg@example.com','It was a really good movie. It make you think about everything.','2014-07-28 11:03:46',0,5),(142,24,'Dojamenoja','eml141_dojamenoja@example.com','I never played the original edition, but the definitive edition on PS4 i couldn	 resist. It was worth every penny!','2014-07-28 11:02:54',0,5),(143,45,'Laudy','eml142_laudy@example.com','Better than what is supplied with the phone... Had to get a new one because the one supplies with the phone the wire got pulled out... Better/stronger connecting point','2014-07-28 11:00:41',0,5),(144,4,'Jarrod','eml143_jarrod@example.com','i really like this laptop, its my third Toshiba, I think they make a great portable laptop','2014-07-28 10:55:36',0,4),(145,102,'jazz','eml144_jazz@example.com','It was great, the voice quality is simply awesome. The base creates a blast.','2014-07-28 10:54:43',0,5),(146,85,'booley','eml145_booley@example.com','top two shelves need to be taller so dvds can stand upright and fit more movies in the case.','2014-07-28 10:42:55',0,5),(147,73,'jessicadanielle88','eml146_jessicadanielle88@example.com','I looked everywhere for a comfortable wrist paid. extremely happy','2014-07-28 10:41:56',0,5),(148,18,'Dkfury006','eml147_dkfury006@example.com','Helped cool down two bedrooms and a hallway, easy install. Makes noise but its less than the three fans i had on before.','2014-07-28 10:41:23',0,5),(149,111,'JCPhoto','eml148_jcphoto@example.com','I upgraded from a 4s and it is great. Love the finger print option. No need to type password anymore','2014-07-28 10:36:32',0,5),(150,37,'Grizzler','eml149_grizzler@example.com','Do not hesitate, plasma is great and at an all-time low cost.','2014-07-28 10:34:09',0,5),(151,102,'EdwndKnnor2','eml150_edwndknnor2@example.com','It was great to watch all of these classics again. These Blu-ray versions are culled from the same masters used for the most recent anamorphic DVD transfers. Note that Conquest of the Planet of the Apes and Battle for the Planet of the Apes include both the original theatrical and unrated extended versions. There are also lots of special features - some new ones in HD plus the original features in SD. Enjoy!!!','2014-07-28 10:33:34',0,5),(152,31,'stratuspheer','eml151_stratuspheer@example.com','I think the biggest thing about this game I love is the amount of things to do. If you complete a mission and didn	 get 100% synchronization you can do it over and over again until you do. Great graphics and easy controls!','2014-07-28 10:33:19',0,5),(153,102,'Sammy','eml152_sammy@example.com','Amazing how quickly this charges the phone. If your charger is slow you need the official apple one.','2014-07-28 10:25:05',0,5),(154,8,'Dawn24','eml153_dawn24@example.com','Great parquets easy to put on difficult to take off. When take off hold game system apart. Do not recommend taking off','2014-07-28 10:24:19',0,5),(155,11,'GANZOS','eml154_ganzos@example.com','good phone, camera and internet vehicle easy to use and to carry and store.','2014-07-28 10:24:02',0,5),(156,79,'Dawn24','eml155_dawn24@example.com','Great graphics great screen easy accessible wonderful','2014-07-28 10:23:07',0,5),(157,107,'Jonny','eml156_jonny@example.com','Great product that does exactly what it is described to do','2014-07-28 10:21:20',0,5),(158,70,'Sammy','eml157_sammy@example.com','Amazing how quickly the Mac charges with a brand new cord','2014-07-28 10:21:15',0,5),(159,33,'Satisfied','eml158_satisfied@example.com','An exceptional value from a known and trusted brand.','2014-07-28 10:20:28',0,5),(160,102,'Muck','eml159_muck@example.com','didn	 buy this movie or the other one they show. Someone needs to get their act together!','2014-07-28 10:19:21',0,5),(161,90,'judithj24','eml160_judithj24@example.com','Happy with this product. Have not had any issues since installed.','2014-07-28 10:17:35',0,5),(162,1,'Muck','eml161_muck@example.com','I did not buy this product\nor the other movie!\nWAKE UP!!','2014-07-28 10:17:30',0,5),(163,91,'TonyG8','eml162_tonyg8@example.com','Great camera and bundle set! The high magnification lenses are also a great addition. Bought multiple cameras before at half the price with the same resolution but none take the quality pics this one does. Its also easier to setup than a small type camera and the picture quality is amazing!','2014-07-28 10:15:31',0,5),(164,68,'iBuymacs101','eml163_ibuymacs101@example.com','Bought for school. Light weight and easy to use. excellent battery life and no problems so far!','2014-07-28 10:15:30',0,5),(165,79,'DataJ','eml164_dataj@example.com','This album brings Linking Park a bit closer to its original roots. It does have more of a metal feel to it which gives it that twist which delivers a fun and exciting change in direction. .','2014-07-28 10:12:26',0,5),(166,12,'arisg00','eml165_arisg00@example.com','The price of this item was perfect but the size was not expected as I thought','2014-07-28 10:10:55',0,3),(167,47,'lcyskye','eml166_lcyskye@example.com','This movie is like taking a vacation in Middle Earth. This film was made in New Zealand and it definitely shows off their amazingly green and lush countryside.','2014-07-28 10:10:44',0,5),(168,74,'DataJ','eml167_dataj@example.com','The instrumentation and vocals/screaming are amazingly high energy. Its complex, unpredictable, exciting, and full of energy that pumps me up. This album is awesome!','2014-07-28 10:10:09',0,5),(169,74,'judy','eml168_judy@example.com','Could not find a cover for my new IPad mini so this generic product worked really well. Great protection!','2014-07-28 10:09:48',0,5),(170,88,'lcyskye','eml169_lcyskye@example.com','This movie is like taking a vacation in Middle Earth. This film was made in New Zealand and it definitely shows off their amazingly green and lush countryside.','2014-07-28 10:09:29',0,5),(171,113,'DataJ','eml170_dataj@example.com','I am a big family guy fan and this one is another hit just like the episodes aired on tv.','2014-07-28 10:08:03',0,5),(172,74,'lcyskye','eml171_lcyskye@example.com','This movie is like taking a vacation in Middle Earth. This film was made in New Zealand and it definitely shows off their amazingly green and lush countryside.','2014-07-28 10:08:02',0,5),(173,16,'Scott1','eml172_scott1@example.com','Straightforward and easy to use. They worked well with my receiver.','2014-07-28 10:07:54',0,5),(174,88,'jerway','eml173_jerway@example.com','Keeps you guessing, but beware of extreme violence and gore','2014-07-28 10:04:24',0,5),(175,94,'batfina','eml174_batfina@example.com','cant believe for the 1st time I have a printer that doesn	 cost an arm and a leg for ink. and the ink quality is great and lasts long too','2014-07-28 10:02:58',0,5),(176,106,'ITGuy','eml175_itguy@example.com','Must have case for any mobile device. Great for the summer time especially at the pool or lake.','2014-07-28 10:01:08',0,5),(177,70,'JSbuyer','eml176_jsbuyer@example.com','Worked well using my HP printer. I use this paper all the time!!','2014-07-28 09:54:26',0,5),(178,14,'JSbuyer','eml177_jsbuyer@example.com','Works well as long as it utilized as least once a week.','2014-07-28 09:52:58',0,5),(179,67,'Chris','eml178_chris@example.com','Prints very well. Only complaint is it takes a while to warm up and print.','2014-07-28 09:52:43',0,4),(180,73,'cathyleigh','eml179_cathyleigh@example.com','I read the book and loved it but the movie was a little disappointing','2014-07-28 09:52:33',0,4),(181,108,'JSbuyer','eml180_jsbuyer@example.com','Great, as long as you utilize your printer frequently.','2014-07-28 09:51:16',0,5),(182,90,'Chris','eml181_chris@example.com','This is the second one of this brand I have purchased. Works perfectly!','2014-07-28 09:51:09',0,5),(183,98,'jjmeegz','eml182_jjmeegz@example.com','The Sony boom box is a little bit larger than I had wanted but puts out tremendous sounds. Likewise, the speakers light up with the beats.','2014-07-28 09:50:49',0,3),(184,64,'Chris','eml183_chris@example.com','Exactly what I was looking for and keeps items frozen.','2014-07-28 09:49:54',0,5),(185,4,'japoston','eml184_japoston@example.com','Very good product in this price point! Easy to use and very compact for traveling.','2014-07-28 09:46:02',0,4),(186,113,'ARod','eml185_arod@example.com','Great way to protect the iPad - got for work so the only downside with this is the cost, but company paid.','2014-07-28 09:43:45',0,5),(187,103,'Zacroxs','eml186_zacroxs@example.com','I finally broke down and bought \"Frozen\" to see what all the fuss was about. Ive now been singing at work, and have watched this movie about 10 times!','2014-07-28 09:43:44',0,5),(188,47,'LoveMeRico','eml187_lovemerico@example.com','My IMac desktop would not recognize the mic. at all','2014-07-28 09:43:09',0,1),(189,18,'Golfb','eml188_golfb@example.com','It works great. It is very easy to use and nice and quiet. It is a very nice dehumidifier. It works great and would recommend this product . However it is a bit more pricey than some other models. But it is worth to spend the extra money in my opinion.','2014-07-28 09:40:03',0,5),(190,20,'DgirlRider','eml189_dgirlrider@example.com','This drive was very easy to use. You plug it in press ok and it does all the work for you. Im very happy with it.','2014-07-28 09:26:47',0,5),(191,39,'LadybugMom','eml190_ladybugmom@example.com','Apple chargers are expensive. This one by Rocketfish is a great substitute.','2014-07-28 09:25:33',0,5),(192,41,'beatsheadphoneuser','eml191_beatsheadphoneuser@example.com','I LOVE the wireless beats! I can take my music anywhere I want to- I can also use my headphones with any device that has blue tooth ability.','2014-07-28 09:25:07',0,4),(193,94,'Shirley','eml192_shirley@example.com','This is a very easy phone to use and a reliable battery.','2014-07-28 09:21:54',0,5),(194,15,'Llee','eml193_llee@example.com','The picture quality is mediocre when wired through an HDMI. Great otherwise.','2014-07-28 09:21:07',0,4),(195,19,'','eml194_@example.com','My son loves this movie. It was worth what I paid.','2014-07-28 09:17:32',0,5),(196,29,'Parivera','eml195_parivera@example.com','I love it; Honestly, I have nothing bad to say about it. For my first flat screen tv Im happy.','2014-07-28 09:15:09',0,5),(197,48,'22chimp','eml196_22chimp@example.com','We bought this printer when our other one broke down and have been very happy with this product!','2014-07-28 09:13:22',0,5),(198,47,'Dirkk','eml197_dirkk@example.com','This is an awesome example of guerrilla filmmaking. All shot at Disney theme parks without any knowledge from Disney.','2014-07-28 09:13:04',0,4),(199,11,'skeeter','eml198_skeeter@example.com','Love the quality sound in a small, compact size-very portable &amp; practical. Good value for the money spent.','2014-07-28 09:10:33',0,5),(200,110,'','eml199_@example.com','Case design makes it easy to insert and remove the tablet. Sturdiness provides good protection, especially for children.','2014-07-28 09:10:05',0,4),(201,78,'grumpy09c1','eml200_grumpy09c1@example.com','Love this tv with all the futures on it and how easy it is to set up','2014-07-28 09:09:32',0,5),(202,34,'jeff','eml201_jeff@example.com','Love itand really efficient and cools down the house','2014-07-28 09:07:59',0,5),(203,19,'garmany54','eml202_garmany54@example.com','Good movie with some good acting in it God loves you','2014-07-28 09:05:13',0,4),(204,13,'Ilovemovies','eml203_ilovemovies@example.com','Im a fan of war type video games so this movie was very entertaining. the story line and action were good. The acting was not all that great but these were not actors, they were active Navy SEALs.','2014-07-28 09:00:49',0,4),(205,92,'Garmin','eml204_garmin@example.com','Lifetime maps is awesome. It is light to carry and only needs a light touch to operate.\nWould recommend for Navigation.','2014-07-28 08:55:26',0,5),(206,52,'gamer008','eml205_gamer008@example.com','A good game to play with your younger kids. You get to intreact with your kids and get them into gaming!','2014-07-28 08:50:51',0,4),(207,45,'Ilovemovies','eml206_ilovemovies@example.com','This product is great for someone who doesn	 watch television regularly and you just want something on. I did away with cable awhile ago and I am very content with picking up local channels. I get about 13 HD quality channels.','2014-07-28 08:48:35',0,5),(208,85,'Angels','eml207_angels@example.com','Good price to protect my ipad mini.\nI would definitely suggest this product to everyone.','2014-07-28 08:47:55',0,5),(209,84,'JSkillz20','eml208_jskillz20@example.com','The first two strings i applied to my guitar snapped.','2014-07-28 08:47:33',0,1),(210,98,'bwilliams24','eml209_bwilliams24@example.com','This is a great phone for any user. It has lots of fabulous features to utilize.','2014-07-28 08:46:23',0,5),(211,72,'dabouss99','eml210_dabouss99@example.com','i love this computer it does everything i need to with out getting bogged down i use it for gaming school and everything in between ive had it since the end of february 2014 its now the end of july 2014 and i havent had an issue yet','2014-07-28 08:45:33',0,5),(212,71,'sonny','eml211_sonny@example.com','Kids loved the movie in the theatre and wanted a chance to own a copy to watch again. Love the characters and the plot.','2014-07-28 08:43:33',0,5),(213,78,'Matt','eml212_matt@example.com','Easy to connect to players or tv. Not overly expensive. Great picture quality.','2014-07-28 08:40:48',0,5),(214,11,'','eml213_@example.com','Bought this cover when it went on sale. What a value for OEM cover. Really nice design and looks. I love it.','2014-07-28 08:39:59',0,5),(215,22,'Angels','eml214_angels@example.com','Easy to see, easy to hold, graphics are beautiful.','2014-07-28 08:39:25',0,5),(216,100,'Matt','eml215_matt@example.com','Great album for parties. Nice song content. Would recommend.','2014-07-28 08:39:13',0,4),(217,107,'wurkinstiff','eml216_wurkinstiff@example.com','This is my first laptop and I wanted to get it right. It has just the right power, storage and everything else for my needs. I was glad the salesperson didn	 try to sell me on a system bigger system just to make a sale. It was just what I needed at the right price.','2014-07-28 08:39:11',0,5),(218,22,'Matt','eml217_matt@example.com','Simple set up. Wifi programs are great. Able to use right out of the box','2014-07-28 08:37:27',0,4),(219,72,'Greg','eml218_greg@example.com','Enjoyable game for the entire family. Good clean fun.','2014-07-28 08:35:55',0,4),(220,39,'Greg','eml219_greg@example.com','For the money this Vizeo Smart TV is a win. Id recommend it.','2014-07-28 08:33:06',0,5),(221,37,'Birthday','eml220_birthday@example.com','Very inexpensive but the quality is exceptional!!!','2014-07-28 08:26:01',0,5),(222,20,'Homerf','eml221_homerf@example.com','This unit was purchased for our living room and it was a great addition. The picture and sound are excellent. We are very pleased with this model.','2014-07-28 08:24:47',0,5),(223,93,'funtime24','eml222_funtime24@example.com','I actually bought these for me on my grandson, to play together as a team, but now Im more into the game than he is. Funtimes','2014-07-28 08:24:04',0,5),(224,27,'moviegirl','eml223_moviegirl@example.com','if you like 007 you will like skyfall. it has alots of action and love story','2014-07-28 08:21:05',0,4),(225,44,'NancyG','eml224_nancyg@example.com','We love using the Flex! Its allowed us to have a healthy competition with each other, and lose weight!!','2014-07-28 08:19:27',0,5),(226,79,'Soccerzz5','eml225_soccerzz5@example.com','The best controller for Wii U and games like COD or NFS, the battery is great too.','2014-07-28 08:19:24',0,5),(227,24,'buyguy','eml226_buyguy@example.com','I am happy with my HP7520 printer. It is easy to use and can be located in another room, and accessed by multiple devices.','2014-07-28 08:18:33',0,4),(228,76,'bharper15','eml227_bharper15@example.com','Overall, this is an excellent laptop for the price. Seems built well with quality materials, with very good performance.','2014-07-28 08:18:25',0,4),(229,81,'Dimples42','eml228_dimples42@example.com','I had no problems with this keyboard. Liked the color because it was bright pink &amp; made it easy to keep up with.','2014-07-28 08:17:41',0,5),(230,110,'Kase04','eml229_kase04@example.com','Great value speaker wire and performs the same as the much more expensive speaker wire.','2014-07-28 08:17:19',0,5),(231,91,'moviegirl','eml230_moviegirl@example.com','war horse had me on an emotional roller coaster. it was happy and sad.','2014-07-28 08:17:07',0,5),(232,41,'SunnySanDiego','eml231_sunnysandiego@example.com','I got this computer for a reasonable price and I love the specs this computer has. I had some issues originally but that was due to my lack of experience with computers. Once I called customer service they helped me understand what I did wrong. This is a great computer in my completely unprofessional and uninformed opinion.','2014-07-28 08:14:20',0,5),(233,1,'veronica92243','eml232_veronica92243@example.com','It need more reach , I live in a 3 bedroom home it doesn	 reach the end room','2014-07-28 08:13:33',0,4),(234,82,'moviegirl','eml233_moviegirl@example.com','a cinderella story is a good now day remake of cinderella. i like how they reinvented the events. great romantic comedy','2014-07-28 08:13:10',0,5),(235,28,'maryhh1','eml234_maryhh1@example.com','enjoy wearing these when I am walking or working out','2014-07-28 08:12:18',0,4),(236,11,'Phil','eml235_phil@example.com','This system is a great upgrade from the original Wii. I enjoy both but Nintendo made a great leap with this system.','2014-07-28 08:12:15',0,4),(237,93,'Said','eml236_said@example.com','This charger works great with my phone. The cord snaps in the phone with ease. Hopefully the charger lasts as long as the phone.','2014-07-28 08:11:31',0,5),(238,110,'moviegirl','eml237_moviegirl@example.com','the movie was great. the plot had lots of twists and turns. both headline actors were awesome. highly recommend anyone to see this movie. no scratches in the dvd','2014-07-28 08:09:54',0,5),(239,41,'Said','eml238_said@example.com','This Viking series is a great adventure with lots of action.','2014-07-28 08:08:59',0,4),(240,30,'Henny875','eml239_henny875@example.com','This keyboard is very accurate and lightweight. I am typing with it right now and it feels like a regular computer keyboard. Fits in my lap very comfortably and it attaches to the tablet with easy.','2014-07-28 08:06:45',0,5),(241,44,'rayeduval','eml240_rayeduval@example.com','Love my mouse. Works great. Just what I needed. Love the colors alzo','2014-07-28 08:05:06',0,5),(242,37,'Bharper15','eml241_bharper15@example.com','Overall decent laptop. Parts feel a little cheap, but for the price, its a good buy.','2014-07-28 08:01:28',0,3),(243,75,'SapphireBlue','eml242_sapphireblue@example.com','Its a good surge protector. The tines of the plugs fit snugly which helps keep the larger adapter plugs securely in place. I recently learned these need replacing every few years, so Im glad the price is reasonable to protect valuable equipment from nasty electrical spikes.','2014-07-28 07:59:38',0,5),(244,88,'Swervester','eml243_swervester@example.com','This camera has everything that one person will need in relevance to comfort and easy functions. This is a very fun gadget, because it works over wifi so you can do everything on the go. Thats what makes this camera extremely beneficial to modern day life.','2014-07-28 07:58:22',0,5),(245,52,'jerry','eml244_jerry@example.com','APPLE GOOD ALWAYS GIVE ME THE EXPERSSION THAT IT IS SO GOOD,AND IN FACT IT IS TRUE.I LOVE THE MAC SO MUCH.','2014-07-28 07:52:28',0,5),(246,23,'EOHTX','eml245_eohtx@example.com','I love my PowerA - DUALSHOCK 4 Charging Station, its quick and effective, works as advertised. Highly recommended.','2014-07-28 07:49:27',0,5),(247,91,'','eml246_@example.com','This was a good deal for the money. I needed to upgrade my laptop for a large program that I needed to function as a student and the price was great.','2014-07-28 07:45:53',0,5),(248,90,'treyjohn3','eml247_treyjohn3@example.com','I really love it and use it just about every day when I play my games.','2014-07-28 07:45:51',0,5),(249,19,'','eml248_@example.com','This is a good mouse to use for a person with disabilities. The size is great when dexterity is an issue.','2014-07-28 07:43:44',0,5),(250,13,'Matt','eml249_matt@example.com','Easy to use and setup for my TV. Great price for what you get.','2014-07-28 07:39:29',0,4),(251,44,'sherweed','eml250_sherweed@example.com','I needed an external drive to hold my iTunes library. This drive is the perfect size and was available for an excellent price. It is fast and easy to use.','2014-07-28 07:36:49',0,5),(252,22,'Firecracker','eml251_firecracker@example.com','My 8 year old niece enjoyed this movie and is watching it over and over.','2014-07-28 07:33:00',0,4),(253,30,'phxsun','eml252_phxsun@example.com','easy to download songs. very compact with good sound.','2014-07-28 07:32:55',0,5),(254,33,'StarMom','eml253_starmom@example.com','All caracters make me laugh right from the star of the show','2014-07-28 07:26:42',0,5),(255,18,'beachbum','eml254_beachbum@example.com','Needed a second wiresless mouse and this has been an excellent choice. Size is great. S','2014-07-28 07:24:50',0,4),(256,73,'Dude','eml255_dude@example.com','Does what it claims. Thats all I have to say about that.','2014-07-28 07:24:35',0,4),(257,20,'josorio','eml256_josorio@example.com','The kids love the Lego game, they can	 seem to get enough of it!','2014-07-28 07:22:11',0,5),(258,52,'Mochakiya11','eml257_mochakiya11@example.com','We love the price and the product, this is the best location.','2014-07-28 07:21:49',0,4),(259,97,'josorio','eml258_josorio@example.com','My family &amp; I have a great time playing on the PS4.','2014-07-28 07:20:50',0,5),(260,63,'beachbum','eml259_beachbum@example.com','I save most of my documents to a flash drive. Really like this one as it is small and can hold alot of information. The black and white color makes it easy to find in my bag.','2014-07-28 07:19:54',0,4),(261,105,'','eml260_@example.com','This is one of the most amazing family films to come along in many years. This film is a must for anyone with children...','2014-07-28 07:19:46',0,5),(262,108,'Sg92','eml261_sg92@example.com','Such a well put together game. Continues the never ending battle.','2014-07-28 07:19:18',0,5),(263,14,'eriksmommy','eml262_eriksmommy@example.com','Bought this for my niece, it is perfect! She loves it, and it hold plenty of songs for her.','2014-07-28 07:18:58',0,5),(264,93,'','eml263_@example.com','Looks fantastic and the sound is amazing. I still have a hard time with the aspect ratio (Academy aspect ratio). No widescreen exists...','2014-07-28 07:17:34',0,5),(265,9,'Tushiman','eml264_tushiman@example.com','I bought this for using on PS games and I can use it with ease.','2014-07-28 07:16:48',0,5),(266,14,'Leroy2','eml265_leroy2@example.com','The compact size and the compatability with my existing programs.','2014-07-28 07:14:38',0,4),(267,93,'Angelina','eml266_angelina@example.com','I love the fact I can charge multiple apple items with this charger and cases do not interfere since you can use the actual apple cable','2014-07-28 07:14:38',0,5),(268,32,'beachbum','eml267_beachbum@example.com','This printer was an upgrade to an older Canon printer. I do alot of scanning of documents and this is much faster than the older version.','2014-07-28 07:14:21',0,4),(269,72,'VinnyD','eml268_vinnyd@example.com','All I can say is Beats and Apple better watch out. Samsung is giving them a run for their money with the new level line of speakers and headphones. Theres no comparing them. Samsung is making waves in every line of products, and thats coming from an Apple user!','2014-07-28 07:13:23',0,5),(270,109,'tobin','eml269_tobin@example.com','I have had several Mac laptops, but this is my first desktop unit. Works great as my home server, but also great to use in a pinch when I need to do activities for work and my laptop is packed away in my bag.','2014-07-28 07:12:56',0,5),(271,11,'CHARLIEBROWN','eml270_charliebrown@example.com','This is exactly what I needed and I could use for more electrical items that we have.','2014-07-28 07:11:56',0,4),(272,46,'VinnyD','eml271_vinnyd@example.com','Amazing sound, great comfort, competitive pricing. These are the best headphones I have ever owned','2014-07-28 07:10:10',0,5),(273,96,'hineshm','eml272_hineshm@example.com','This docking station works well. I am very satisfied.','2014-07-28 07:07:52',0,4),(274,7,'regarcia73','eml273_regarcia73@example.com','ITS A VERY NICE AND EASY TO PALY VIDEO GAME. SO REAL :)','2014-07-28 07:06:07',0,5),(275,29,'Harbear','eml274_harbear@example.com','The cordless vacuum is easy to use, easy to clean, charges quickly and pickup sand and dirt.\n\nI have one for my office too.','2014-07-28 07:01:53',0,5),(276,45,'Hawnviking','eml275_hawnviking@example.com','Have had Beats Studio and now the wireless and much nicer and convenient to have wireless.','2014-07-28 07:00:05',0,5),(277,15,'Spam','eml276_spam@example.com','The staff was very helpful in choosing the right color and type of iPod for a gift. It was a great choice and very well liked. Thanks!','2014-07-28 06:57:01',0,5),(278,83,'Holly','eml277_holly@example.com','This product must not have been \"compatible\" with my Samsung Galaxy II phone because the charge was unbearably slow.','2014-07-28 06:56:18',0,1),(279,102,'RonGr','eml278_rongr@example.com','Fun for the whole family. I recommend this movie for all children and adults that love Legos. The spirit of legos in every scene.','2014-07-28 06:54:50',0,4),(280,64,'babydoll2ky','eml279_babydoll2ky@example.com','Gift cards are great because the credits are added to your Facebook and can be use for any purchases made on any games or apps that Facebook uses.','2014-07-28 06:53:24',0,5),(281,14,'ktbish4','eml280_ktbish4@example.com','I think this is a great cheaper option to the jawbone or bose systems. It sounds great and uses bluetooth.','2014-07-28 06:52:10',0,5),(282,26,'SatisfiedCustomer7999','eml281_satisfiedcustomer7999@example.com','Love the triple minutes, easy to use, great for video watching.','2014-07-28 06:51:24',0,3),(283,68,'','eml282_@example.com','I thought i would use it a lot more but i actually dont. but it works well','2014-07-28 06:50:57',0,4),(284,104,'MikeZ','eml283_mikez@example.com','Very durable. I can count on this to protect my screen in any situation.','2014-07-28 06:50:30',0,5),(285,29,'Angie','eml284_angie@example.com','We used these adjustable wall mounts to install speakers for home theater suround sound. They were easy to install, look great and are stable.','2014-07-28 06:44:31',0,5),(286,101,'','eml285_@example.com','Purchased this case to fit our 6\" Garmin GPS and it fits perfectly with a magnetic flap. Smooth look of black leather. Gives good protection for your device and fits easily into your purse or console.','2014-07-28 06:44:20',0,5),(287,25,'Eric','eml286_eric@example.com','Sleek and great looking bag. Perfect for the surface as it can hold all your accessories in its side pouch.','2014-07-28 06:43:18',0,5),(288,67,'Angie','eml287_angie@example.com','Rocketfish is a good brand and the speaker wire produces great around-sound for our entertainment center.','2014-07-28 06:42:51',0,5),(289,46,'IndyChris','eml288_indychris@example.com','This mount was very easy to use and comes with easy instructions.','2014-07-28 06:42:26',0,5),(290,44,'espector','eml289_espector@example.com','easy to use, set up and synced instantly. full size keys great for big hands','2014-07-28 06:42:03',0,4),(291,71,'DrJoe','eml290_drjoe@example.com','I have found the HP printers really do work best when HP cartridges are used, rather than off-brand.','2014-07-28 06:41:42',0,5),(292,63,'IndyChris','eml291_indychris@example.com','This television is one of the best pictures Ive ever seen. High price tag comes along with it but it outdoes the rest.','2014-07-28 06:41:35',0,5),(293,64,'IndyChris','eml292_indychris@example.com','HDMI was very easy to set up and use. Provides great picture quality on high end television.','2014-07-28 06:40:26',0,5),(294,41,'RoboNerd','eml293_robonerd@example.com','I plugged in a USB 3.0 cable and ran my back up program and it all worked.','2014-07-28 06:40:24',0,5),(295,6,'NanZfromNJ','eml294_nanzfromnj@example.com','Needed to replace charger and this was perfect. Price was good since we had a coupon.','2014-07-28 06:40:03',0,5),(296,114,'IndyChris','eml295_indychris@example.com','HDMI was easy to install and provides a great picture.','2014-07-28 06:39:00',0,5),(297,21,'J369','eml296_j369@example.com','I like buying the ink for my printer from the manufacturer. This black one is offered in a larger amount which I like.','2014-07-28 06:38:24',0,5),(298,18,'espector','eml297_espector@example.com','have always had a zagg shield on my phones and tablets. ridiculous idea to not have one on a tablet or phone.','2014-07-28 06:38:04',0,4),(299,90,'atrain015','eml298_atrain015@example.com','I been having a lot of fun with the kids , definitely recommend for all ages','2014-07-28 06:35:44',0,5),(300,89,'J369','eml299_j369@example.com','I prefer to buy printer ink that is from the manufacturer. This is a good printer, good printer ink, and good results.','2014-07-28 06:35:28',0,5),(301,97,'Godzillagtr34','eml300_godzillagtr34@example.com','This is a great deal for the price and convenient since you can	 really find oem chargers easily without going online. Was just available when needed. Didn	 have to wait for it to come in. Just go in a buy and charge in less then 5 minutes.','2014-07-28 06:33:44',0,5),(302,27,'Scarlett','eml301_scarlett@example.com','These headphones were such a steal! Awesome quality for the price.','2014-07-28 06:27:41',0,5),(303,21,'Jabmlr2','eml302_jabmlr2@example.com','Seagate continues to produce solid hard drives that are easy to install and use right out of the box. Quality merchandise at a great price, definitely worth it!','2014-07-28 06:27:08',0,4),(304,12,'Stalker5150','eml303_stalker5150@example.com','I do like action movies so I do really like it n recommend to anyone','2014-07-28 06:26:50',0,5),(305,4,'Lynnzer144','eml304_lynnzer144@example.com','Works well, easy set up, multiple users and it can tell them apart.','2014-07-28 06:26:23',0,4),(306,91,'wcl15','eml305_wcl15@example.com','This lightning cable works great. Seems a little expensive for a charging cable, but I needed one. My only complaint would be that the cord seems a little weak at the base of the lightning connector. I needed to replace my previous one because it wore out after about six months of use. It tends to wear heavily in this area when being held against ones chest or stomach.','2014-07-28 06:25:39',0,5),(307,28,'Jabmlr2','eml306_jabmlr2@example.com','WWE with its vast video library continues to produce great 3 disc sets that contain plenty of insight to its performers. Always at a great price these sets are definitely worth it!','2014-07-28 06:23:38',0,4),(308,114,'Xer376','eml307_xer376@example.com','It dries up easily and you can clean any gadget with this even your led tv! :)','2014-07-28 06:19:48',0,5),(309,72,'Albion4','eml308_albion4@example.com','Awesome, breathtaking and above all suspenseful - a real nail biter. Serves as a reminder as to how much space \"junk\" there is out there and the potential for a real catastrophe.','2014-07-28 06:19:25',0,5),(310,74,'Maci2014','eml309_maci2014@example.com','Really durable case to protect I phone. Designed for kids really good product. Priced right','2014-07-28 06:19:05',0,5),(311,104,'Mike','eml310_mike@example.com','Bought TV for my mother. It is a very good TV for the price.','2014-07-28 06:18:48',0,4),(312,21,'Bleebo','eml311_bleebo@example.com','We weren	 necessarily looking for a new refrigerator however came across this one when it was on sale. There is plenty of storage for us, especially for the freezer. Its quiet, effecient and has been easy to clean (despite hearing horror stories about stainless steel appliances).','2014-07-28 06:18:27',0,5),(313,20,'pacheco41','eml312_pacheco41@example.com','I bought this for my small camcorder. I wanted something that I could store lots of home movies on of the grandkids. Worked perfect.','2014-07-28 06:18:03',0,5),(314,48,'CTChuck','eml313_ctchuck@example.com','The JetPack has worked very well for us to be able to have secure access to the internet when we\re away from home traveling in our RV. However, in order to avoid running up excessive data usage, we have to make sure that we manage its use and turn it off when we do not need to be online.','2014-07-28 06:15:08',0,4),(315,24,'Darpan','eml314_darpan@example.com','It didn	 work with my Audi AMI. returned it. Chose Viseoo Tune2Air instead.','2014-07-28 06:14:13',0,1),(316,106,'amr6','eml315_amr6@example.com','Love this band! loved getting it on sale too..even better','2014-07-28 06:11:53',0,5),(317,16,'Disneylandlover','eml316_disneylandlover@example.com','i love these batteries i buy as many as i can to keep as back up','2014-07-28 06:11:03',0,5),(318,70,'mpendlet620','eml317_mpendlet620@example.com','I purchased this so my son could charge his ipod using the port in the back of my wagon. So far so good - works like a charm!','2014-07-28 06:10:41',0,4),(319,9,'Ladybutterfly61','eml318_ladybutterfly61@example.com','I love this little earpiece, it is small and discreet .the clarify and range is great, I can listen to my music..it announces the number of the incoming caller, and battery life. I have NFC on my Samsung galaxy s4 so the pairing was a breeze. My only complaint is that I wish it announced the incoming caller name instead of number but I can live with that.','2014-07-28 06:09:33',0,4),(320,99,'mpendlet620','eml319_mpendlet620@example.com','I purchased this so my son could charge his ipod using the jack in the back of my wagon. the length is perfect.','2014-07-28 06:08:33',0,4),(321,36,'Sarcastible','eml320_sarcastible@example.com','The picture looks amazing, and it can handle 4K inputs to display on the panel that has extra subpixels compared to a normal \"2K\" (1080p) screen. Well worth the purchase.','2014-07-28 06:08:16',0,5),(322,52,'FstSgt','eml321_fstsgt@example.com','Definitely a lot cheaper to replace blades than buy a new razor','2014-07-28 06:07:14',0,5),(323,6,'Elliemaephoto','eml322_elliemaephoto@example.com','I was nervous at first using it but it works wonderfully','2014-07-28 06:07:14',0,5),(324,108,'ronnies1','eml323_ronnies1@example.com','Suspenseful movie. It has a good plot story. Plenty of drama, blood, deceit and fighting to keep you on the edge of your seat.','2014-07-28 06:06:51',0,5),(325,91,'Zipporah','eml324_zipporah@example.com','I received a Rug Doctor Portable Spot Cleaner sample to facilitate this review. All opinions are my own.\n\nWhy I ever thought off-white rugs in a bedroom were a good idea, I’ll never know. Between the dog and the husband spilling coffee as he walks into the bedroom (as well as other food products), we had spots. I really only needed a rug cleaner that would quickly take care of the smaller messes in between major cleanings.\n\nI love the portability and storage of this spot cleaner, it’s light enough for me to do myself and has the scrubbing power that I need. It can be rather loud, but I’ve found that the full room carpet cleaners that I’ve used are noisy as well, so I didn’t expect this to be any different.\n\nIt does a phenomenal job on new stains, and has even removed much of what’s been ground in over time. The BIGGEST plus for me was the motorized hand-held brush, as I was also able to clean the carpeted floor mats in my car. WIN-WIN\n\nOverall, it is saving me money by allowing me to extend the time between major carpet cleanings!','2014-07-28 06:06:29',0,5),(326,94,'juan','eml325_juan@example.com','Great watch and easy to operate. Cool style audio sounds good. Recommend.','2014-07-28 06:06:27',0,5),(327,104,'Sarcastible','eml326_sarcastible@example.com','Good mouse pad, the glue holding the surface on hasn	 separated yet','2014-07-28 06:06:00',0,5),(328,4,'mpendlet620','eml327_mpendlet620@example.com','My son uses this for his ipod 5. It has recently fallen in a lake while in a jacket pocket and I beleive the case is what saved the ipod.','2014-07-28 06:05:53',0,4),(329,7,'FstSgt','eml328_fstsgt@example.com','Hd components were easy to install. They are color coded so even i had no problems connecting.','2014-07-28 06:05:25',0,5),(330,91,'CTChuck','eml329_ctchuck@example.com','An essential accessory to protect my iPhone from scrapes and drops.','2014-07-28 06:04:18',0,5),(331,106,'Boilerdon','eml330_boilerdon@example.com','Had problems initially getting the brightness to stay. Kept reverting back to 20%. But we got the problem rectified, it has been extremely efficient. The best change from my previous GPS is that it does not keep saying \"recalculating\" every time I don	 follow their directions. The ideal GPS would be one that lets you map your route and then follow it.','2014-07-28 06:03:55',0,5),(332,67,'FstSgt','eml331_fstsgt@example.com','Shooter is another great Marine movie added to my collection.','2014-07-28 06:02:53',0,4),(333,8,'DCARIES','eml332_dcaries@example.com','Had to add this to my collection. Enjoyed the skits, and it brought back memories','2014-07-28 06:02:21',0,5),(334,80,'hickko','eml333_hickko@example.com','Well, I purchased this online and it worked fabulous for 3 days, then I noticed the machine would leak all the cleaning solution onto my floor when it was stored. (Its supposed to be alright to store solution) Customer Support let me trade it in the next day for a brand new one that my local store had in stock. I have been using my replacement about once a week for a month now and Ive noticed now my replacement leaks!! For this reason I would NOT recommend this product, for the price, I think the machine should not leak. However, before it started leaking it did work awesome, but again, not worth it for the price tag.','2014-07-28 06:01:48',0,2),(335,63,'Tommy2009','eml334_tommy2009@example.com','This is a fun movie that should keep your kids entertained for a couple of hours. My younger ones love it due to the animals and fast action. Not the greatest plot or acting but good enough to keep a smile on the kids faces.','2014-07-28 06:01:14',0,3),(336,25,'FstSgt','eml335_fstsgt@example.com','hysterical, an absolute must own for three stooges fans','2014-07-28 06:01:00',0,4),(337,31,'eric','eml336_eric@example.com','The ecard is cool I used it to buy 4 games form nintendo so if you like the classic new game pick an ecard up they come in 10, 20, 50 ext...','2014-07-28 06:00:36',0,4),(338,20,'hpenvylaptop','eml337_hpenvylaptop@example.com','Weve owned this laptop about a month now and it has been everything we hoped for. Can	 beat the specs for the money. Full 1920x1080 display is unmatched. There is a lot of bloatware but that is expected from all new big box store computers. We haven	 watched movies yet but the graphics and performance for everything else are excellent. No need to buy a custom laptop since this one is available.','2014-07-28 05:59:14',0,5),(339,48,'eric','eml338_eric@example.com','It compact I pick it up so I could bring my 3ds on vacation it hold 6 game and the 3ds all together and it has a hard cover so if u drop it you won	 brake your 3ds!!!','2014-07-28 05:58:54',0,5),(340,17,'FstSgt','eml339_fstsgt@example.com','really detailed behind the scenes look at the making of the movie with a lot of insight and input from the lone Survivor Marcus Luttrell.','2014-07-28 05:58:30',0,5),(341,96,'ronnies1','eml340_ronnies1@example.com','Not too long, Based on a true story. You just feel good after you watch it. Inspirational.','2014-07-28 05:58:15',0,5),(342,104,'CStone','eml341_cstone@example.com','Wish it was made to better access controls on ipod while running. Okay when walking.','2014-07-28 05:57:50',0,3),(343,49,'themadnader','eml342_themadnader@example.com','Really glad I picked this game up. This is quickly becoming my favorite RPG on the Vita!\n\nWhile there are a ton of JRPGs on the Vita, not many offer this level of character customization. OK, so you can	 really pick the main characters race (hes human), gender (well, technically you can be female, but NPCs will refer to you as male regardless), or class (though the unique \"Gazer\" class of the main character can be developed pretty much like a warrior, mage, healer, or whatever you like)...but you get a lot of options for rounding out your party. You are not limited to taking the recommended party members, and can build your party however you want. You can have 4 teammates of whatever class you want. Want to rely on healing items and skip a designated healer class character? Sure. Want a bunch of deadly, light armored Samurai and Assassins with a healer to protect, buff, and revive them when they do get hit? Its all up to you!\n\nYou can pick race, gender, and class for your party members, and even get to choose from a limited set of voice sounds as well as the character portrait. Be advised, the portraits (and in fact much of the game play) follows the standard JRPG format of scantily clad ladies and slightly risque situations (in addition to standard armor, you can equip/upgrade the characters \"undies\"). I think its totally harmless (and no where near as nauseatingly over-sexualized as games like Dragons Crown), but some may be put off.\n\nThe artwork of the stills is quite nice, and its a shame the battle sequences aren	 fully animated...its decidedly old school and reminds me a bit of games like Phantasy Star. Still, being able to build your party as youd like, equip them with multiple weapons sets that can be switched in combat (to allow melee/ranged attacks if youd like), and the twists with game play such as unlocking the \"demon\" mechanic or equipping artifacts that bestow the abilities of other classes, add enough complexity and strategic sophistication to really make the game engrossing.\n\nThis game is by no means perfect, and doesn	 really break much new ground, but is well put together with fun and challenging game play. While save points are frequent enough to allow pick up/put down gaming (ideal on the Vita), Ive found myself happily sinking a few hours at a time tweaking my characters, selling/stockpiling items, and exploring the many challenging dungeons.','2014-07-28 05:57:50',0,4),(344,25,'CTChuck','eml343_ctchuck@example.com','These are great, but its sometimes difficult to install correctly; so I always ask the store to install it.','2014-07-28 05:57:40',0,5),(345,10,'Tommy2009','eml344_tommy2009@example.com','David Gray is a highly under rated artist. His albums are filled with great lyrics and catchy arrangements. This album is no exception. Each song is well crafted and enjoyable. The bonus live discs are worth the price alone. I saw this tour live and he is easily one of the best performers around. Go see him on tour if you have the chance.','2014-07-28 05:57:23',0,5),(346,107,'m251nw','eml345_m251nw@example.com','easy to use. has a tag that pulls out when inserting your hand through it. great for quick shots.','2014-07-28 05:57:09',0,4),(347,80,'eric','eml346_eric@example.com','If you have a 3ds you be smart to get the shield cuz if you have kids like I do and if the drop it or have messy hand you don	 have to worry about the screen getting messed up!!','2014-07-28 05:57:04',0,4),(348,106,'DCARIES','eml347_dcaries@example.com','I found the item very useful and it service the need it was made for.','2014-07-28 05:56:21',0,4),(349,1,'Ohana','eml348_ohana@example.com','We purchased this mini-fridge for our daughters dorm room at college. Great product for the price, with clean lines and nice style.','2014-07-28 05:56:05',0,4),(350,52,'eric','eml349_eric@example.com','Zelda is the best game ever made it got better not with improved graphics and great controls if u like the n64 version you should get the 3ds version! !','2014-07-28 05:55:15',0,5),(351,15,'EDITH18DOC','eml350_edith18doc@example.com','My daughter loves her case, but wishes it was a bright color and not solid black. It holds the tablet in place and works well.','2014-07-28 05:54:57',0,5),(352,94,'EDITH18DOC','eml351_edith18doc@example.com','Great tablet for price!! My daughter loves it because it easy to navigate.','2014-07-28 05:53:00',0,5),(353,12,'SE1973','eml352_se1973@example.com','Melissa mcCarthy and Sandra Bullock were hilarious in this extremely funny comedy . There was one funny scene after another. I strongly recommend this film if you are looking for a truly good laugh','2014-07-28 05:52:42',0,5),(354,47,'Sarcastible','eml353_sarcastible@example.com','Good mouse pad. The pad has not come apart for me yet','2014-07-28 05:52:16',0,5),(355,47,'bklyndj123','eml354_bklyndj123@example.com','I like this program of shipping ink based off how many pages you produce and it is intuitive enough to send you what you need and when you need it.','2014-07-28 05:52:12',0,5),(356,14,'AParker','eml355_aparker@example.com','Purchased this when my wife was looking for something to help dump materials into her mixer. This thing did the trick. Great price for a simple piece of add on plastic. Only question would be why this isn	 included with the mixer at initial purchase.','2014-07-28 05:51:49',0,4),(357,102,'Tommy2009','eml356_tommy2009@example.com','This is a great movie for kids and adults. Makes a perfect movie for family movie night. Action is fast and lots of humor for all ages. The songs are very catchy and will stay in your head. This kids will be singing the songs right after the movie. Great clean fun1','2014-07-28 05:51:12',0,5),(358,8,'elpsal','eml357_elpsal@example.com','Excellent price for this product. This is a trusted brand. It was cheap and I picked it up in the store, fast and easy!','2014-07-28 05:51:00',0,5),(359,30,'ITguy75','eml358_itguy75@example.com','Setup was very easy, followed directions on quick start card, worked the\nfirst time. I downloaded the full user guide and by following the instruction was able to access the device web page to adjust settings\nand check the signal strength. I had a couple questions prior to beginning the setup and was easily able to get them answered via Linksys online chat support. An improvement could be info on recommended antenna orientation in various situations for optimal signal strength.','2014-07-28 05:50:59',0,5),(360,106,'YZ41','eml359_yz41@example.com','I enjoyed the helpful levels but once I got through all 6 worlds that was it and you just started over again.','2014-07-28 05:50:35',0,5),(361,107,'CTChuck','eml360_ctchuck@example.com','Very happy so far with this upgraded replacement for my iPhone 4s. I was disappointed that I lost some of my content during the activation of this phone and the transfer of data from my iPhone 4s.','2014-07-28 05:50:35',0,4),(362,104,'consideringit','eml361_consideringit@example.com','I bought this device to take to college and it has a lot of great features.','2014-07-28 05:50:11',0,5),(363,102,'Nana09','eml362_nana09@example.com','Product is light weight......great recharging power.....good for travel and power outages!','2014-07-28 05:50:11',0,5),(364,89,'Shopping101','eml363_shopping101@example.com','Got this for the boys for about 2 months ago. Did not want to spend too much and this was recommended as \"average\" quality to last for about a couple of yrs before the next upgrade. comfortable fit and easy to use. since we only had it for a few months, I did not give the highest rate on durability.','2014-07-28 05:50:10',0,4),(365,21,'JohnPurdue','eml364_johnpurdue@example.com','These cartridges and my HP 7520 work great. The only issue is that a kit with all four cartridges for this printer should be available. The B/W photo cartridge is somewhat hard to find.','2014-07-28 05:50:08',0,4),(366,19,'SE1973','eml365_se1973@example.com','Chasing mavericks is a great movie. Gerard Butler was great and the story was very heartfelt and inspiring. If you enjoyed soul surfer you will live this movie too','2014-07-28 05:50:05',0,5),(367,36,'AParker','eml366_aparker@example.com','Purchased Google Chromecast after it was suggested by a friend. Was promised that this would ease my ability to stream Netflix, ESPN3, Hulu+, and HBOGo to my TV, at a an affordable price. This promise turned out to be true.\n\nBeing able to stream with little buffering has made the Google Chromecast my first choice on streaming video to my TV screen. Its small size, and ability to instantly connect/update/stream as soon as connected to a TV on my home WIFI network has been a great plus. If you are in the market looking for a home streaming device look here. It can be controlled from any computer/tablet/mobile device, and Google is expanding its abilities every month or so. Get one!','2014-07-28 05:48:54',0,5),(368,79,'Jefenc','eml367_jefenc@example.com','I thought saving $100 by buying the mini instead of air was a good sacrafice, but now I am thinking I would have been ok paying the extra $100 for the bigger size. Otherwise, it does what I expected, good device.','2014-07-28 05:48:44',0,4),(369,63,'YZ41','eml368_yz41@example.com','This is a very easy game to use which includes the classic games that I grew up with when I was younger.','2014-07-28 05:48:08',0,5),(370,31,'zxzx9','eml369_zxzx9@example.com','I bought this to play computer games such as skyrim, wow, counter strike, and more. It runs all of these games on high settings. It has been very reliable. Windows 8 takes some getting used to though.','2014-07-28 05:47:58',0,5),(371,6,'Jefenc','eml370_jefenc@example.com','Offers screen protection, outershell becomes a convenient stand, and it has a nice feel to it. I haven	 dropped my iPad yet, so can	 say if it offers good protection from falls. But it does exactly what I wanted it to do.','2014-07-28 05:46:03',0,4),(372,85,'thephillylawyer','eml371_thephillylawyer@example.com','This router worked as advertised. It was easy to set up, and was the fastest router I have ever used. I especially like the dual band feature.','2014-07-28 05:45:58',0,5),(373,103,'smittys2k','eml372_smittys2k@example.com','It was comical worth watching lot of sarcasm if you like that type of movie its a must see','2014-07-28 05:45:43',0,4),(374,10,'sugarland79','eml373_sugarland79@example.com','Bought this for an extra usb cord that I have for my iphone. Well worth the money spent. You can find other adapters for cheaper for good value though. Little bulky in apprearance.','2014-07-28 05:45:37',0,4),(375,18,'YZ41','eml374_yz41@example.com','Offers great protection and is very easy to put together. The device does not inhibit games playing or the buttons.','2014-07-28 05:45:36',0,5),(376,107,'Theo0128','eml375_theo0128@example.com','Its been a week with LG G3 and overall im so happy with it.\nI was impressed by the user interface, it was very clean and smooth. LG G3 came through with the software and hardware but the plastic casing on the phone just kills it for me. Time and time again LG almost nails the perfect phone but they have to miss something.\nI was worrying about the heat problem and short battery life but my device was fine. It holds whole day without charging and not really hot after using the device almost 3 hours straight.\n\nNice work LG! This is very nice phone.','2014-07-28 05:44:26',0,5),(377,33,'zxzx9','eml376_zxzx9@example.com','Bought this to play pc games. Works fantastically. Have not had any problems with it.','2014-07-28 05:44:13',0,5),(378,6,'sugarland79','eml377_sugarland79@example.com','The best iphone charging cord around! Very inexpensive and very durable.','2014-07-28 05:43:37',0,5),(379,110,'thephillylawyer','eml378_thephillylawyer@example.com','The modem was easy to setup, and the speed is the best of any modem I have ever used.','2014-07-28 05:42:51',0,5),(380,75,'YZ41','eml379_yz41@example.com','Once I got the buttons figured out, this game was very addictive.','2014-07-28 05:42:31',0,5),(381,52,'Taka','eml380_taka@example.com','Great to enjoy this movie in Blu Ray. Purchase if you do not feel the need to buy the set of all the Indiana Jones movies.','2014-07-28 05:42:13',0,4),(382,21,'BigBestBuy','eml381_bigbestbuy@example.com','The idea of making ease to recharge my controllers, its perfect. Twice!','2014-07-28 05:41:45',0,5),(383,67,'Dn862004','eml382_dn862004@example.com','I got the Playstation 4 solely for this game. This version takes the ps3 version and makes it better in every way. The download is pretty big but it includes all of the downloadable content, story and maps. If you have never played the ps3 version then this is an absolute must buy. The game plays great at a third person perspective and everything from the player movement and background interaction is top notch, with great voice acting by Troy Baker and Ashley Johnson. The story will get you attached to these characters and you will feel the pain and joy they go through. The most surprising thing about this game is how great the multiplayer is. Ive played everything from Gears of War,Halo to Call of Duty and this is by far my favorite online experience. There is no hero mode where one person can glitch and just dominate an entire team. You have to work as a team and if you dont your team will lose. There is no huge advantage that the other team will have and thats what makes the online so fun. This game is well worth the Game of the Year nominations and rewards it has recieved.','2014-07-28 05:41:37',0,5),(384,19,'sugarland79','eml383_sugarland79@example.com','The case was a little pricey but well worth it! I have bought two of these cases in the past 2 months. It protects the phone with a sleek fit and look.','2014-07-28 05:41:19',0,5),(385,14,'mhanko20','eml384_mhanko20@example.com','The HDMI adapter was delivered within a few days after ordering which was a nice turn around time. The adapter has a clear picture and I have not experienced any issues with it.','2014-07-28 05:39:56',0,4),(386,71,'wstarnes','eml385_wstarnes@example.com','After first firmware update: colors, brigtness and contrast changed unfavorably. Also, Setup Menu item changed\nAfter second firmware update: Back Light Unit flashes intermittently in lower left side of screen.\nUnit is less than 1 year old. Vizios position is that if the BLU is faulty then the unit is NOT repairable.\nVery poor design feature and very poor customer support.','2014-07-28 05:39:52',0,1),(387,10,'YZ41','eml386_yz41@example.com','I have been playing the original Nintendo games system and decided to upgrade. It is well worth it.','2014-07-28 05:39:28',0,5),(388,8,'Arhra','eml387_arhra@example.com','These cards are simple, straight forward, and generally reliable just like any other gift card. The handy thing for them is once you have the credit applied to your Steam wallet it can save you a lot of headaches when making community market transactions, which is honestly the best use for these I think. But they do make great gifts for friends who have steam accounts as well.','2014-07-28 05:38:05',0,5),(389,26,'Libbey','eml388_libbey@example.com','Paddle is good, has a touch screen in the middle which is cool. It is comfortable to hold and the thumb pads are better.','2014-07-28 05:37:39',0,5),(390,20,'ebizinc','eml389_ebizinc@example.com','Phenomenal album. Great songwriting, great songs. Pick it up and burn out your laser listening to it over and over.','2014-07-28 05:37:29',0,5),(391,72,'jim0321','eml390_jim0321@example.com','I purchase this laptop for business and personal use is simply great can	 complain at all fast built in dvd/rw drive full HD 1080p display exelent performance intel icore5 4th generation extremely fast and responsive laptop plus all the aluminium finish is simply great it does not get overheated as other laptops do the truth is that at $879 before taxes is a great deal make sure you buy this one because there is a similar one for $799 on sale whish is not the same the $799 no full hd display and defenely gets hotter this model rocks for less than $900 you get it all dont jump into the envy because it has a i7 prosesor trust me this one runs exelent with ita i5 see it for yourself the build quality of the hp envy is no way near the build quality of this laptop you will defenely love the aluminium build this laptop simply rocks have a nice day everyone.','2014-07-28 05:37:26',0,5),(392,111,'Gave','eml391_gave@example.com','Really good I will recommend this product to everyone!!!','2014-07-28 05:34:17',0,5),(393,97,'anthonyausburn','eml392_anthonyausburn@example.com','As the summary says, Real Friends never disappoints! Maybe This Place Is The Same and We\re Just Changing has such a good sound. The lyrics are probably my favorite thing about the album. They\re something people can definitely relate to. My favorite tracks from the album are Sixteen, Loose Ends, and Spread Me All Over Illinois.','2014-07-28 05:34:10',0,5),(394,46,'steven','eml393_steven@example.com','feels just like the factory battery. seems to have the same charging cycle and life of the factory battery. the last aftermarket battery i bought swelled and was impossible to remove from the camera. time will tell on this one.','2014-07-28 05:33:08',0,5),(395,36,'Vicky','eml394_vicky@example.com','Has terrific sound and fits to the ear well. Great color','2014-07-28 05:32:26',0,5),(396,36,'DanK','eml395_dank@example.com','Recommended. Great Price. Love How It Comes With 10','2014-07-28 05:32:04',0,5),(397,106,'Libbey','eml396_libbey@example.com','It is a great product to protect your phone. It was much more lightweight than expected. Thought it would make phone much more bulky, so it was a nice surprise when it didn	. son loves it.','2014-07-28 05:31:30',0,5),(398,35,'DGC85','eml397_dgc85@example.com','first movie on our new tv. good quality of both movie and tv.','2014-07-28 05:31:22',0,5),(399,19,'steven','eml398_steven@example.com','This lens is great if you like taking close up shots and wide shots in the same session. Before, i had to pack two lenses and switch out. i feel that this lens is a bit heavier, but not as heavy as two lenses. I figured out that you can lock the lens in the wide mode for carrying, but i sometimes forget to unlock for taking pictures. It seems to focus as quickly as the factory lens. In the 18mm setting, it catches part of the polarizer, and I didnt notice that until i had already taken several pictures. The manual focus ring is much more accessible than a factory lens also.','2014-07-28 05:31:02',0,5),(400,98,'MaryEllen','eml399_maryellen@example.com','So easy to convert tablet to a keyboard, I like feature to tilt keyboard up or use flat. I am surprised the keyboard began showing scratchers right away. I am hoping it will be durable and that this is just a cosmetic thing','2014-07-28 05:26:51',0,5),(401,11,'Caf61287','eml400_caf61287@example.com','I would strongly recommend this product. I purchased it for a retail store for my company and it has been great at cleaning the carpets on a daily basis. Retractable cord is also a plus.','2014-07-28 05:26:24',0,4),(402,35,'mamalo','eml401_mamalo@example.com','My Frigidaire 12,000 BTU unit is quieter than this 6,000 one which I purchased for a small bedroom. Something has changed with their manufacturing. This unit is very loud. When the condenser is on it is very loud. I also randomly get a whining/squeak from the fan whether the condenser is on or off. The unit vibrates which is the cause of the noise. I think the problem is they are making them more lightweight and smaller with a less solid casing which doesn	 cushion the noise/vibrations from the condenser. If you\re a light sleeper I would not recommend this unit.','2014-07-28 05:25:46',0,2),(403,46,'SE1973','eml402_se1973@example.com','Excellent movie every American should see!! True American story!! Heart wrenching !! A must see!! Mark wahlberg portrays Marcus Lutrell with dignity and honor.','2014-07-28 05:25:32',0,5),(404,33,'Libbey','eml403_libbey@example.com','Really likes this game. The scenes and characters are so real to life.','2014-07-28 05:24:54',0,5),(405,44,'joe216','eml404_joe216@example.com','waited to long to save my pictures had many to move wish I would have found sooner.','2014-07-28 05:24:43',0,5),(406,92,'Meadowhawk','eml405_meadowhawk@example.com','Good game for my son and I to play together. He likes it a lot. Good graphics and easy to play.','2014-07-28 05:24:34',0,4),(407,103,'JackieKatt','eml406_jackiekatt@example.com','After having a smart phone for about 2 years prior to purchasing the Galaxy 5 I have finally found out what using a smart phone should be like. Fast downloads, beautiful picture, and Im actually able to use the apps I want to use. Even though it was expensive (I use Virgin Mobile) I no longer need to even think about getting a tablet. I look at it as 2 products in one.','2014-07-28 05:23:30',0,5),(408,64,'PandaNinja','eml407_pandaninja@example.com','A great game that was moved on to the vita. Just like the original one from the Playstation 2 days. If you loved old school FL games this is fot you.','2014-07-28 05:23:23',0,5),(409,52,'Thorrocks','eml408_thorrocks@example.com','Down is a toned down version of Pantera only because phil is the lead singer can a comparison can be made. R.I.P Dimebag','2014-07-28 05:20:58',0,4),(410,103,'mikecocoa','eml409_mikecocoa@example.com','Bought this to replace the rental that Ive been using from comcast. Works just like it is supposed to.','2014-07-28 05:20:29',0,4),(411,104,'Libbey','eml410_libbey@example.com','Good deal for the money. Have some great deals on online games some time.','2014-07-28 05:20:24',0,5),(412,12,'Murrayproserv','eml411_murrayproserv@example.com','The movie had some good scenes but some parts were leading and removed the suspense.','2014-07-28 05:20:17',0,3),(413,111,'amr6','eml412_amr6@example.com','I love this album in its entirety. No complaints love love love their instrumentals','2014-07-28 05:19:42',0,5),(414,108,'kbn1','eml413_kbn1@example.com','This is a very nice case; the aqua is vibrant. You get the top part which is rubberized, the bottom is more of a hard shell with nice flat round wide feet (both of these pieces easily click on), rubber keyboard cover which fits right over it and they even give you a screen protector and a cloth. Very good price too.\n\nShipping was kind of slow but we are veyr happy with the product.','2014-07-28 05:19:08',0,5),(415,84,'Yelnats','eml414_yelnats@example.com','The plot wasn	 completely transparent like youd assume action comedies to be! I loved the timing of the jokes and the believability of the antagonist.','2014-07-28 05:18:25',0,5),(416,1,'Brian','eml415_brian@example.com','We needed a small TV for our bedroom. Our old one took up most of my dresser space. Now I have more space for junk.\nPicture is great now if I can figure out how to hook up a VCR I will be back in with my wife','2014-07-28 05:18:20',0,4),(417,100,'MaryEllen','eml416_maryellen@example.com','I highly recommend the Microsoft Arc Touch Surface mouse. The design is sharp and it is very easy to use.','2014-07-28 05:17:52',0,5),(418,49,'Shakti','eml417_shakti@example.com','This is a nice, slim case for a 13\" laptop. It seems durable and protective and is lightweight.','2014-07-28 05:17:39',0,4),(419,91,'Murrayproserv','eml418_murrayproserv@example.com','The movie kept me in suspense. Full of action. A must see.','2014-07-28 05:17:03',0,5),(420,12,'amr6','eml419_amr6@example.com','All great hits except dani california are on it. its a classic filled album and im obsessed!','2014-07-28 05:16:44',0,5),(421,16,'Thorrocks','eml420_thorrocks@example.com','I expected a lot more out of the movie after seeing the previews','2014-07-28 05:16:28',0,3),(422,102,'damicinc','eml421_damicinc@example.com','The game is great. The graphics are outstanding. Playing the game gets my blood pumped. There is plenty of action and it is very challenging. I am looking forward to the next installment.','2014-07-28 05:16:11',0,5),(423,81,'neice','eml422_neice@example.com','you could never go wrong with this product, love it.','2014-07-28 05:15:56',0,5),(424,76,'smccleary','eml423_smccleary@example.com','Hunting party is pretty good and a step closer to LPs roots, but its more fast-paced (punk) rock sounding in terms of rhythm. Theres also a decent amount of slower intros and such which is closer to their more recent albums. Just wish theyd put out something more like Hybrid Theory and Meteora!!','2014-07-28 05:15:20',0,4),(425,112,'DeDe5','eml424_dede5@example.com','Voice are clear. The display is large enough to see from a glance so you can view the caller id as you work.','2014-07-28 05:14:41',0,4),(426,68,'Thorrocks','eml425_thorrocks@example.com','A new powerman 5000 c.d , how can you go wrong with that','2014-07-28 05:13:27',0,5),(427,10,'mneece','eml426_mneece@example.com','There are the first pair of over the ear headphones I have owned that are actually comfortable to wear.','2014-07-28 05:13:04',0,5),(428,36,'TheeMann','eml427_theemann@example.com','Best Quality for HP printers. The larger size is a great value as well.','2014-07-28 05:12:17',0,5),(429,6,'Samii','eml428_samii@example.com','a great game for any age! I would like to see more challenges like potion making using a recipe and more classes.','2014-07-28 05:11:34',0,5),(430,80,'neice','eml429_neice@example.com','I would never buy this product again and advised everyone never to buy its a pain.','2014-07-28 05:11:18',0,1),(431,47,'Etester','eml430_etester@example.com','good value...no problems with the phone. Works well with the service.','2014-07-28 05:11:05',0,4),(432,73,'mneece','eml431_mneece@example.com','Very comfortable to wear. Doesn	 fall off during work outs.','2014-07-28 05:10:41',0,5),(433,71,'Libbey','eml432_libbey@example.com','Son absolutely loves this. Took it on vacation with us and people in the hotel thought it was so cool and wanted to know where he got it.','2014-07-28 05:09:51',0,5),(434,106,'GMAC','eml433_gmac@example.com','Bought to listen to on beach during vacation. Use around the pool, at the golf course also. Great sound, convenient, long battery life! Would definitely recommend to anyone!','2014-07-28 05:09:26',0,5),(435,84,'Silk41','eml434_silk41@example.com','is perfect for the purpose use easy to plug in and works great','2014-07-28 05:09:17',0,5),(436,70,'mneece','eml435_mneece@example.com','Really like it. Great for working out. Would buy another one','2014-07-28 05:08:54',0,5),(437,80,'Silk41','eml436_silk41@example.com','lathought a little bit expensive, is durable it looks great. easy to put in and take off. I like it very much','2014-07-28 05:07:16',0,5),(438,16,'marc','eml437_marc@example.com','Better on paper than in fact. Escort Passport MAX \"Issues\", per discussions with Escort Tech: The speed indicator is 3-6 mi off, depending on the car driven. Can	 be retuned, as its tied to the GPS. the speaker isn	 really loud enough #open window, normal music use, AC on high, etc.# so you need to Google a 3rd party to get a \"stereo speaker\" that will attach to the MAXs audio jack. if you buy the $30 item at escort, you need to plug it in separately to a cig lighter 12 V receptacle, if you have a spare. the range is somewhat worse than the Redline. If you opt for the redline, you don	 get the red light cam, trap and self learning built in, but must rely on Escort live for a price #after yr 1#.','2014-07-28 05:07:03',0,2),(439,27,'BrianB','eml438_brianb@example.com','The front cover can be misleading to some if you are not a fan of the series. Jason does not arrive in Manhatten until the last 30 minutes or so of the film. I am a huge Friday the 13th fan of the series. But this one has somewhat been one of my least favorites of the series. Great commentary and special features are on the dvd though.','2014-07-28 05:06:35',0,4),(440,32,'Libbey','eml439_libbey@example.com','Plays it but doesn	 really talk about it. Prefers skate and boxing games.','2014-07-28 05:05:11',0,3),(441,77,'Silk41','eml440_silk41@example.com','I bought this and it was the biggest waste of money, it says life guarantee, but you still gotta pay for shipping which adds to the already high price. is always dirty is scratched and it wears quickly. I do not recommend','2014-07-28 05:04:17',0,1),(442,30,'Finatic13','eml441_finatic13@example.com','I am a bit disappointed in this release. As a long time Alice fan I have been waiting for months for this release and sadly it didnt match up to the pre release hype.\n\nThe lack of founding members such as Michael Bruce having input takes away from more revealing infomation about the band starting up and the early days before Alice Cooper became a person rather than a band.\n\nI love all the previous Banger Films releases but this one took the easy way out, didnt dispel rumours but intead fueled some events like the chicken incident. 3 stars is being generous because I like the music. I would recommend to casual fans because it would be entertaining but if you are a Cooper die hard then there is nothing new here.','2014-07-28 05:03:01',0,3),(443,95,'14weber','eml442_14weber@example.com','This product is perfect ! Easy to install, and great for the price !','2014-07-28 05:01:51',0,5),(444,83,'Gailarc','eml443_gailarc@example.com','I take a lot of pictures on my cell phone so this is great storage','2014-07-28 05:01:40',0,4),(445,68,'Josie','eml444_josie@example.com','I needed a flash drive to back up my files, including lots of pictures. This was perfect and was easy to use, even on Windows 8.','2014-07-28 05:01:09',0,5),(446,110,'Libbey','eml445_libbey@example.com','Product is great, son loves it, brings it to friends houses whenever he can.','2014-07-28 05:00:36',0,5),(447,64,'redhead23','eml446_redhead23@example.com','So easy to see and access our food and drinks. Runs quietly, Alarm sounds if the doors are ajar - nice feature. Seems like a lot more space than a side by side. Especially for the freezer. We had a tight space to squeeze into (33\"), and this refrigerator seems so much bigger than our last one (a side by side that was the same dimensions). I really like the large storage drawer in the refrigerator. This is nice for party platters or larger/bulk bags of fruit/vegetables. Good ice production - and also not terribly loud. And it looks really nice.','2014-07-28 05:00:32',0,4),(448,102,'Silk41','eml447_silk41@example.com','I love my bday gift it works great. graphics are perfect.','2014-07-28 05:00:29',0,5),(449,22,'GeekMeister24','eml448_geekmeister24@example.com','This is a great webcam for anyone looking an easy to use camera for a great price (I got it on sale!).','2014-07-28 05:00:20',0,5),(450,95,'Ma12cus504','eml449_ma12cus504@example.com','I was expecting the computer to be much fast then my 2003, 1G Laptop that it was replacing, but this 8G brand new computer lag more then my old laptop. I cannot run or save a program like excel without it locking up on me.','2014-07-28 05:00:14',0,2),(451,14,'bklyndj123','eml450_bklyndj123@example.com','I bought this as a gift for my husband and was shocked to hear how powerful the sound is and easy to set up using his Android phone. People are shocked when they hear the sound coming out of this device and I love the colors too. I know someone who has a beats pill and paid twice as much and about half the sound.','2014-07-28 04:59:59',0,5),(452,17,'Linny','eml451_linny@example.com','Of course, my washer is just out of warranty. HOWEVER, for about 18 months, it has been acting really crazy. Sometimes it works, sometimes it doesn	. It has computer operation, and it seems to get \"stuck\" at certain places, then will hot finish, NO MATTER WHAT. Sticks mostly at the beginning under \"fill sensor\". DONT GET THIS WASHER!! I regularly have to take my wet clothes out(it gets stuck before it starts washing)and carry heavy wet clothes to the launrdromat.','2014-07-28 04:59:43',0,1),(453,93,'AndroidUser','eml452_androiduser@example.com','Has all the features I was looking for. Great Battery life and easy to handle with...','2014-07-28 04:59:41',0,5),(454,25,'GeekMeister24','eml453_geekmeister24@example.com','Obviously the brand implies amazing speakers. These are great for the price and have an amazing sound.','2014-07-28 04:58:18',0,5),(455,68,'bklyndj123','eml454_bklyndj123@example.com','If you\re looking for an all in one print copy and scan, youve found the best option for your money. Its very easy to set up, can be used with your iPhone and/or Android devices to print over wifi and produces quality copies. A definite buy.','2014-07-28 04:58:15',0,5),(456,34,'Silk41','eml455_silk41@example.com','I bought for my Dad and he loves it!! He says is great and the picture looks amazing. It was really easy to set up, unlike my Samsung that after a year I still trying to figure out certain features this one is straight to point. My father is old so he doesn	 need anything too complicated. This TV is awesome.','2014-07-28 04:57:49',0,5),(457,68,'semperfigirl','eml456_semperfigirl@example.com','This is a typical iphone and can do everything the others do but it is faster and more clear. The call and sound quality is good but again the battery life is short and i don	 like not having a spare to put in. Its not always convenient to find an outlet.','2014-07-28 04:57:34',0,4),(458,47,'JFR527','eml457_jfr527@example.com','I bought this game expecting a killer FPS (First Person Shooter) to play online because Ive grown a little bored of Call of Duty this year. I absolutely love playing Titanfall. It plays very straightforward, and controlling both your Pilot (Your foot soldier that can basically fly and climb walls) and your Titan (This giant robot that falls from the sky that you climb into and then go to war with) is very simple. Youd think it would be tricky or would take a lot of practice, but really it doesn	. I still never get sick of looking up to the sky and watching my Titan fall (get it?) as a I call my Titan into battle.\n\nThe campaign, on the other hand, is very weak. There is no single player campaign, so the campaign is played online through a series of deathmatches and whatnot. Honestly, after going through the whole thing, I still have NO IDEA what the story is about.\n\nAside from the story being irrelevant to me, I love the game. Go get it if you like FPS!','2014-07-28 04:57:04',0,4),(459,107,'MaryEllen','eml458_maryellen@example.com','The Samsonite Xenon Slim Brief Laptop Case is perfect for travel! It has plenty of space and extra compartment offers place for small tablet, phone, and other items. I have this double as a purse when I travel so I can also have a carry on bag. I like the style, durability and comfortable shoulder cord.','2014-07-28 04:56:19',0,5),(460,34,'Craven','eml459_craven@example.com','I waited for months for this tv to become available and boy it was worth the wait! If you don	 get good picture quality, you must have poor media playing on it. Bluray movies look 3D and DVDs look like BluRay quality.\n\nIt was well worth the $899 spent! I definitely recommend!','2014-07-28 04:56:10',0,5),(461,37,'02Viper','eml460_02viper@example.com','We recently had a power spike and all of our surge protectors got fried. When I went to get the replacements, I found that the price on the Insignia was very competitive as well as the features matching or exceeding those of the strips that cost more. I guess the real test will be if we get another power surge, but I hope it doesn	 come to that for a long time.','2014-07-28 04:56:10',0,5),(462,9,'SeshieH','eml461_seshieh@example.com','I am so pleased with my purchase. The cost of the AC was wonderful and it works very well. It was easy to install and cools my apartment wit easy. I like the timer setting as well as the eco friendly setting which allows the AC to auto cool the temperature of my liking. Would certainly recommend this product to others.','2014-07-28 04:51:57',0,5),(463,70,'MaryEllen','eml462_maryellen@example.com','I have been using a 2007 version of Office and am very happy with the new version I just bought. Tutorials are helping me discover all of it new features and potentials.','2014-07-28 04:51:40',0,5),(464,1,'Scott','eml463_scott@example.com','Bought on clearance. Way to short to be of any use. Might be able to use if you don	 want to pickup or use phone while on your laptop.','2014-07-28 04:51:22',0,1),(465,23,'TechnoGeekFreak','eml464_technogeekfreak@example.com','I thought that it would do a much better job than it actually did.','2014-07-28 04:51:03',0,3),(466,114,'Azkim','eml465_azkim@example.com','Bought this game for our 7 year old after seeing the movie, he LOVES it. We were hesitant for the price at first but hes had a blast so far.','2014-07-28 04:50:35',0,5),(467,7,'IntheWoods','eml466_inthewoods@example.com','This washer has absolutely every possible cycle you could never want. And also allows for the individualization of many of the characteristics of each cycle selected. I don	 think you could ask for more in a washer.','2014-07-28 04:50:32',0,5),(468,46,'grobey','eml467_grobey@example.com','This is a great product that has met our expectations in all areas except price.','2014-07-28 04:48:42',0,4),(469,8,'61Ray','eml468_61ray@example.com','Really looked forward to this one when it came out, but was a bit disappointed that it didn	 really give the good coconut flavor like the Island Coconut. It is still a nice coffee, and others might not like the coconut flavor to be as strong.','2014-07-28 04:48:39',0,4),(470,16,'TechnoGeekFreak','eml469_technogeekfreak@example.com','Original cord stopped working due to wear and tear. This was a great replacement for the price.','2014-07-28 04:48:18',0,5),(471,83,'MaryEllen','eml470_maryellen@example.com','I love my first wireless printer! It was so easy to set up and learn to use. Animated directions on front panel was easy to follow. The printer size is compact and just what I was looking for. Print quality is excellent.','2014-07-28 04:48:17',0,5),(472,17,'JFR527','eml471_jfr527@example.com','I own all three next gen consoles. I am easy to please, and I must say that I love all three systems. That being said, I tend to favor my Ps4 and Wii U over the Xbox One as of now. The Ps4 is just a little more powerful and have been a loyal playstation user for years now. The Wii U has all of the Nintendo exclusives so as long as they keep that going then they will always have a place in my gaming heart.\n\nAs for the Xbox One, the console that I am here to review, I admit that I do like the system a lot. It has wonderful graphics, the controllers are great, and the interface is pretty dope. I can	 really complain about it too much. You are honestly not going to go wrong in choosing a Ps4 or Xbox One. I bought it mainly so I can play Halo when the collection drops this fall, but Ive enjoyed the heck out of Titanfall as well.\n\nId say to check out the game libraries and pick a console based on your preferences. Or just get all 3 ;)','2014-07-28 04:47:50',0,4),(473,64,'Music4Life','eml472_music4life@example.com','Great new artist! Has a great mix of upbeat tracks and ballads.','2014-07-28 04:47:47',0,5),(474,18,'MarylandGuy','eml473_marylandguy@example.com','Great streaming box. Good price. Easy to set up. Easy to use. Especially like the earbud used with the remote for private listening.','2014-07-28 04:47:26',0,5),(475,81,'KarenBeth4','eml474_karenbeth4@example.com','This is my second Zutto coffeemaker; the first lasted a few years, but the hot plate was damaged, so I wanted a new one. It is hard to find the smaller drip coffeemakers now, but this is a really good one. Coffee is excellent. It would be even better if it were easier to clean and if the replacement parts (especially the filter) were easier to find.','2014-07-28 04:47:16',0,5),(476,84,'Dcd0914','eml475_dcd0914@example.com','This soundbar has providied a wonderful sound for me and my family. The bass is very powerful and can be turned down if needed. Great purchase!','2014-07-28 04:47:13',0,5),(477,39,'miladiaz','eml476_miladiaz@example.com','I bought this game for my husband to keep him entertained while I studies for the bar and it worked. Great graphics, easy to set up on the PS4 and real time fight options. I even like playing it and pretending I am in a real UFC fight.','2014-07-28 04:47:13',0,5),(478,113,'Scott','eml477_scott@example.com','Works great. Really great effects. Lights flow up cable while charging.','2014-07-28 04:46:17',0,5),(479,13,'61Ray','eml478_61ray@example.com','Personally, I am NOT a huge Starbucks fan, and I rarely buy their coffe as I prefer some others out there. The k cups are more expensive and they only give you 16 per box compared to 18 for all the others. And honestly, I don	 think it is worth the extra cost just to pay for their name. But I do enjoy their Breakfast Blend when I find it on sale. It has a nice full flavor and is a good kick start to the day.','2014-07-28 04:46:02',0,5),(480,82,'Crosscountry','eml479_crosscountry@example.com','We used it on a trip from Colorado to Canada (it has both US and Canada maps) and were very happy with its performance and use. It has also been invaluable for me living in a new city. With a little bit of playing around beforehand to figure out how it works, it is easy to set up for trips. Maps are accurate and the routes it selects are usually the best. The verbal instructions are clear and the active lane guidance is terrific. If you change directions, it quickly changes your route and re-calculates or nags you to turn back to the right direction. Voice commands are great - you can ask for gas stations or Starbucks and it finds them for you, although restaurants were not always up-to-date, understandably. The large screen is nice. I am so glad we purchased this!','2014-07-28 04:44:23',0,5),(481,107,'61Ray','eml480_61ray@example.com','Van Houtte makes a lot of different flavored coffees that others don	, so you can try a butterscotch or a crème brulee or a chocolate raspberry... of course those aren	 for everyone, and so you need to choose wisely or you will have 17 k cups of a coffee you don	 care for sitting around. I like French vanilla flavor so I enjoy their FV coffee, although I think others make a very good FV also, this one is right among them.','2014-07-28 04:42:20',0,5),(482,75,'Hskrfan','eml481_hskrfan@example.com','I recently bought SONY HDR-PJ340. Although it came with a medium size SONY camcorder case, it was too big for everyday use. I also needed a hard case for my upcoming Utah trip. This product was perfect for my camcorder in terms of size and protection.','2014-07-28 04:42:15',0,4),(483,84,'rhodie','eml482_rhodie@example.com','good on use for the movies. too much bass on tv programs','2014-07-28 04:40:50',0,4),(484,24,'aquaticus03','eml483_aquaticus03@example.com','The LEGO movie had everything I hoped for, a bit if nostalgia, loads of humor, and a great story. Great for old and new fans of LEGOs alike. Well done!','2014-07-28 04:38:54',0,5),(485,112,'rhodie','eml484_rhodie@example.com','great tv for the price we paid. love watching in hd format and the size is just right for the room','2014-07-28 04:38:28',0,5),(486,112,'aquaticus03','eml485_aquaticus03@example.com','I was entertained the whole movie long. Nice new take on a classic story.','2014-07-28 04:36:50',0,4),(487,101,'Cart22','eml486_cart22@example.com','I purchased this for my husband as a gift and he hasn	 stopped enjoying them. The sound quality you would expect from Bose but this is event better than we even expected!!','2014-07-28 04:36:16',0,5),(488,100,'SFkid187','eml487_sfkid187@example.com','My favorite songs are Summer and To: My Old Self!!','2014-07-28 04:35:14',0,5),(489,97,'Sandrann','eml488_sandrann@example.com','This is just my Opinion, I thought this Movie was Fantastic!!','2014-07-28 04:34:55',0,5),(490,68,'ColdplayFan','eml489_coldplayfan@example.com','I very much enjoy the ethereal quality to the music. Though I do wish that some of the verses weren	 so repetitive.','2014-07-28 04:33:15',0,5),(491,74,'puplecat','eml490_puplecat@example.com','I am so glad I went with the MacBook Pro. It is everything that I wanted in a computer and more.','2014-07-28 04:30:46',0,5),(492,64,'Camerakid','eml491_camerakid@example.com','Nice camera works easy with my samsung galaxy s4. Works without a phone too just like a gopro','2014-07-28 04:30:26',0,5),(493,89,'ColdplayFan','eml492_coldplayfan@example.com','I liked the new album so much that when he plays here later this year, I will be seeing him in concert.','2014-07-28 04:30:06',0,5),(494,75,'red520','eml493_red520@example.com','Love these beats never fall out of the ear love it','2014-07-28 04:29:00',0,5),(495,44,'betterbuy','eml494_betterbuy@example.com','easy to use and for the price, the sound isn	 bad. we take along every where just to have available for a quick connect and ability to share music. battery stays charged for long periods of time too.','2014-07-28 04:28:51',0,4),(496,106,'ColdplayFan','eml495_coldplayfan@example.com','This has been one of my favorite seasons of Supernatural. It has a great lesson throughout the season, sometimes what is best comes at a high personal cost; which can make the sacrifice too much.','2014-07-28 04:28:19',0,5),(497,26,'FrozenFan','eml496_frozenfan@example.com','got this movie for my girlfriend and watched it with her and I loved it to','2014-07-28 04:27:35',0,5),(498,8,'Mirosmom','eml497_mirosmom@example.com','Love that it is kind of magnetized. seems to hold in place whether it is propped up or just closed. Very basic.','2014-07-28 04:26:19',0,4),(499,81,'SnackLady','eml498_snacklady@example.com','Great case, keeps things in tact and safe! Only issue is the right bracket which holds the tablet in covers the power on/off button. Otherwise it is a nice hard case and can swivel the tablet to position horizontally or vertically. I would say it is a little on the expensive side though - mid 30 dollar range!','2014-07-28 04:25:00',0,4),(500,36,'Mirosmom','eml499_mirosmom@example.com','Just using for backup memory on tablet. Works great. The price was perfect because it was on sale.','2014-07-28 04:24:40',0,5);
/*!40000 ALTER TABLE `tbl_review` ENABLE KEYS */;
UNLOCK TABLES;

--
-- Table structure for table `tbl_roles`
--

DROP TABLE IF EXISTS `tbl_roles`;
/*!40101 SET @saved_cs_client     = @@character_set_client */;
/*!40101 SET character_set_client = utf8 */;
CREATE TABLE `tbl_roles` (
  `id` int(11) NOT NULL AUTO_INCREMENT,
  `name` varchar(32) NOT NULL,
  `removable` tinyint(1) unsigned NOT NULL DEFAULT '1',
  PRIMARY KEY (`id`)
) ENGINE=InnoDB AUTO_INCREMENT=3 DEFAULT CHARSET=utf8;
/*!40101 SET character_set_client = @saved_cs_client */;

--
-- Dumping data for table `tbl_roles`
--

LOCK TABLES `tbl_roles` WRITE;
/*!40000 ALTER TABLE `tbl_roles` DISABLE KEYS */;
INSERT INTO `tbl_roles` VALUES (1,'user',0),(2,'admin',0);
/*!40000 ALTER TABLE `tbl_roles` ENABLE KEYS */;
UNLOCK TABLES;

--
-- Table structure for table `tbl_share`
--

DROP TABLE IF EXISTS `tbl_share`;
/*!40101 SET @saved_cs_client     = @@character_set_client */;
/*!40101 SET character_set_client = utf8 */;
CREATE TABLE `tbl_share` (
  `id` int(11) NOT NULL AUTO_INCREMENT,
  `type` varchar(25) DEFAULT NULL,
  `type_val` int(11) DEFAULT NULL,
  `value` float DEFAULT NULL,
  `code` varchar(150) DEFAULT NULL,
  `default` tinyint(1) NOT NULL DEFAULT '0',
  PRIMARY KEY (`id`)
) ENGINE=InnoDB DEFAULT CHARSET=utf8;
/*!40101 SET character_set_client = @saved_cs_client */;

--
-- Dumping data for table `tbl_share`
--

LOCK TABLES `tbl_share` WRITE;
/*!40000 ALTER TABLE `tbl_share` DISABLE KEYS */;
/*!40000 ALTER TABLE `tbl_share` ENABLE KEYS */;
UNLOCK TABLES;

--
-- Table structure for table `tbl_special_offers`
--

DROP TABLE IF EXISTS `tbl_special_offers`;
/*!40101 SET @saved_cs_client     = @@character_set_client */;
/*!40101 SET character_set_client = utf8 */;
CREATE TABLE `tbl_special_offers` (
  `offerID` int(11) NOT NULL AUTO_INCREMENT,
  `productID` int(11) DEFAULT NULL,
  `sort_order` int(11) DEFAULT NULL,
  PRIMARY KEY (`offerID`)
) ENGINE=InnoDB AUTO_INCREMENT=8 DEFAULT CHARSET=utf8;
/*!40101 SET character_set_client = @saved_cs_client */;

--
-- Dumping data for table `tbl_special_offers`
--

LOCK TABLES `tbl_special_offers` WRITE;
/*!40000 ALTER TABLE `tbl_special_offers` DISABLE KEYS */;
INSERT INTO `tbl_special_offers` VALUES (1,101,3),(3,81,1),(4,72,2),(5,64,4),(6,1,5),(7,16,6);
/*!40000 ALTER TABLE `tbl_special_offers` ENABLE KEYS */;
UNLOCK TABLES;

--
-- Table structure for table `tbl_tags`
--

DROP TABLE IF EXISTS `tbl_tags`;
/*!40101 SET @saved_cs_client     = @@character_set_client */;
/*!40101 SET character_set_client = utf8 */;
CREATE TABLE `tbl_tags` (
  `id` int(11) NOT NULL AUTO_INCREMENT,
  `pid` int(11) DEFAULT NULL,
  `tag` varchar(30) DEFAULT NULL,
  `hurl` varchar(255) DEFAULT NULL,
  `canonical` varchar(255) DEFAULT NULL,
  PRIMARY KEY (`id`)
) ENGINE=InnoDB DEFAULT CHARSET=utf8;
/*!40101 SET character_set_client = @saved_cs_client */;

--
-- Dumping data for table `tbl_tags`
--

LOCK TABLES `tbl_tags` WRITE;
/*!40000 ALTER TABLE `tbl_tags` DISABLE KEYS */;
/*!40000 ALTER TABLE `tbl_tags` ENABLE KEYS */;
UNLOCK TABLES;

--
-- Table structure for table `tbl_thumb`
--

DROP TABLE IF EXISTS `tbl_thumb`;
/*!40101 SET @saved_cs_client     = @@character_set_client */;
/*!40101 SET character_set_client = utf8 */;
CREATE TABLE `tbl_thumb` (
  `thumbID` int(11) NOT NULL AUTO_INCREMENT,
  `productID` int(11) NOT NULL,
  `picture` varchar(150) DEFAULT NULL,
  `description` varchar(255) DEFAULT NULL,
  PRIMARY KEY (`thumbID`)
) ENGINE=InnoDB AUTO_INCREMENT=8 DEFAULT CHARSET=utf8;
/*!40101 SET character_set_client = @saved_cs_client */;

--
-- Dumping data for table `tbl_thumb`
--

LOCK TABLES `tbl_thumb` WRITE;
/*!40000 ALTER TABLE `tbl_thumb` DISABLE KEYS */;
/*!40000 ALTER TABLE `tbl_thumb` ENABLE KEYS */;
UNLOCK TABLES;

--
-- Table structure for table `tbl_users`
--

DROP TABLE IF EXISTS `tbl_users`;
/*!40101 SET @saved_cs_client     = @@character_set_client */;
/*!40101 SET character_set_client = utf8 */;
CREATE TABLE `tbl_users` (
  `id` mediumint(8) unsigned NOT NULL AUTO_INCREMENT,
  `username` varchar(20) NOT NULL,
  `password` varchar(64) NOT NULL,
  `first_name` varchar(64) DEFAULT NULL,
  `last_name` varchar(64) DEFAULT NULL,
  `user_phone` varchar(20) DEFAULT NULL,
  `email` varchar(80) NOT NULL,
  `oauth_provider` varchar(10) DEFAULT NULL,
  `oauth_uid` text,
  `created_on` datetime NOT NULL,
  `last_login` datetime DEFAULT NULL,
  `active` tinyint(1) unsigned DEFAULT '1',
  `recover_passw` varchar(32) DEFAULT NULL,
  `rest_token` varchar(40) DEFAULT NULL,
  `photo` varchar(255) DEFAULT NULL,
  `credit_card` varchar(64) DEFAULT NULL,
  `credit_card_expires` varchar(32) DEFAULT NULL,
  `credit_card_cvv` int(11) DEFAULT NULL,
  PRIMARY KEY (`id`),
  KEY `username` (`username`),
  KEY `email` (`email`),
  KEY `rest_token` (`rest_token`(8))
) ENGINE=InnoDB AUTO_INCREMENT=4 DEFAULT CHARSET=utf8;
/*!40101 SET character_set_client = @saved_cs_client */;

--
-- Dumping data for table `tbl_users`
--

LOCK TABLES `tbl_users` WRITE;
/*!40000 ALTER TABLE `tbl_users` DISABLE KEYS */;
INSERT INTO `tbl_users` VALUES (1,'test_user','7d4a69db92c867d9b0060653c44733bf:108853d9fae39d4bb',NULL,NULL,'+1(999) 123-1231','test_user@example.com','','','2014-07-31 12:14:27','2014-07-31 15:43:01',1,'415af5ab8dcd28c948963a83ac474756',NULL,NULL,NULL,NULL,NULL),(2,'admin','748d5db80dfad9d490197301a10c329e:1699089255a023981a7c1','Santiago <script>alert(24)</script>','TalSoft','','admin@hackazon.com','','','2014-08-28 15:26:33','2015-07-10 20:06:45',1,NULL,NULL,'bf/owasp_zap_root_ca.cer',NULL,NULL,NULL),(3,'sdf','5c9bc571aa9ed7987447aaa0f9ffb48c:163899901855a04fed5ede8','sdf','sdf',NULL,'sdf@hotmail.com',NULL,NULL,'2015-07-10 20:06:21','2015-07-10 20:06:21',1,'e8969b8271e5aaad14ce5cff768c5401',NULL,NULL,NULL,NULL,NULL);
/*!40000 ALTER TABLE `tbl_users` ENABLE KEYS */;
UNLOCK TABLES;

--
-- Table structure for table `tbl_users_roles`
--

DROP TABLE IF EXISTS `tbl_users_roles`;
/*!40101 SET @saved_cs_client     = @@character_set_client */;
/*!40101 SET character_set_client = utf8 */;
CREATE TABLE `tbl_users_roles` (
  `id` int(11) NOT NULL AUTO_INCREMENT,
  `user_id` mediumint(8) unsigned NOT NULL,
  `role_id` int(11) NOT NULL,
  PRIMARY KEY (`id`),
  KEY `user_id` (`user_id`),
  KEY `role_id` (`role_id`),
  CONSTRAINT `tbl_users_roles_ibfk_1` FOREIGN KEY (`user_id`) REFERENCES `tbl_users` (`id`) ON DELETE CASCADE,
  CONSTRAINT `tbl_users_roles_ibfk_2` FOREIGN KEY (`role_id`) REFERENCES `tbl_roles` (`id`) ON DELETE CASCADE
) ENGINE=InnoDB AUTO_INCREMENT=4 DEFAULT CHARSET=utf8;
/*!40101 SET character_set_client = @saved_cs_client */;

--
-- Dumping data for table `tbl_users_roles`
--

LOCK TABLES `tbl_users_roles` WRITE;
/*!40000 ALTER TABLE `tbl_users_roles` DISABLE KEYS */;
INSERT INTO `tbl_users_roles` VALUES (1,1,1),(2,2,1),(3,2,2);
/*!40000 ALTER TABLE `tbl_users_roles` ENABLE KEYS */;
UNLOCK TABLES;

--
-- Table structure for table `tbl_votes`
--

DROP TABLE IF EXISTS `tbl_votes`;
/*!40101 SET @saved_cs_client     = @@character_set_client */;
/*!40101 SET character_set_client = utf8 */;
CREATE TABLE `tbl_votes` (
  `votesID` int(11) NOT NULL AUTO_INCREMENT,
  `title` varchar(50) DEFAULT NULL,
  `enable` int(11) DEFAULT NULL,
  PRIMARY KEY (`votesID`)
) ENGINE=InnoDB DEFAULT CHARSET=utf8;
/*!40101 SET character_set_client = @saved_cs_client */;

--
-- Dumping data for table `tbl_votes`
--

LOCK TABLES `tbl_votes` WRITE;
/*!40000 ALTER TABLE `tbl_votes` DISABLE KEYS */;
/*!40000 ALTER TABLE `tbl_votes` ENABLE KEYS */;
UNLOCK TABLES;

--
-- Table structure for table `tbl_votes_content`
--

DROP TABLE IF EXISTS `tbl_votes_content`;
/*!40101 SET @saved_cs_client     = @@character_set_client */;
/*!40101 SET character_set_client = utf8 */;
CREATE TABLE `tbl_votes_content` (
  `votesID` int(11) DEFAULT NULL,
  `ID` int(11) NOT NULL AUTO_INCREMENT,
  `question` varchar(50) DEFAULT NULL,
  `result` int(11) DEFAULT NULL,
  PRIMARY KEY (`ID`)
) ENGINE=InnoDB DEFAULT CHARSET=utf8;
/*!40101 SET character_set_client = @saved_cs_client */;

--
-- Dumping data for table `tbl_votes_content`
--

LOCK TABLES `tbl_votes_content` WRITE;
/*!40000 ALTER TABLE `tbl_votes_content` DISABLE KEYS */;
/*!40000 ALTER TABLE `tbl_votes_content` ENABLE KEYS */;
UNLOCK TABLES;

--
-- Table structure for table `tbl_wish_list`
--

DROP TABLE IF EXISTS `tbl_wish_list`;
/*!40101 SET @saved_cs_client     = @@character_set_client */;
/*!40101 SET character_set_client = utf8 */;
CREATE TABLE `tbl_wish_list` (
  `id` int(11) NOT NULL AUTO_INCREMENT,
  `user_id` mediumint(8) unsigned NOT NULL,
  `name` varchar(64) NOT NULL,
  `type` varchar(16) NOT NULL DEFAULT 'public',
  `is_default` tinyint(3) unsigned NOT NULL DEFAULT '0',
  `created` datetime NOT NULL,
  `modified` datetime DEFAULT NULL,
  PRIMARY KEY (`id`),
  KEY `user_id` (`user_id`),
  CONSTRAINT `tbl_wish_list_ibfk_1` FOREIGN KEY (`user_id`) REFERENCES `tbl_users` (`id`) ON DELETE CASCADE ON UPDATE CASCADE
) ENGINE=InnoDB AUTO_INCREMENT=4 DEFAULT CHARSET=utf8;
/*!40101 SET character_set_client = @saved_cs_client */;

--
-- Dumping data for table `tbl_wish_list`
--

LOCK TABLES `tbl_wish_list` WRITE;
/*!40000 ALTER TABLE `tbl_wish_list` DISABLE KEYS */;
INSERT INTO `tbl_wish_list` VALUES (1,1,'Test Wishlist 1','public',1,'2014-09-16 20:22:25',NULL),(2,1,'Test Wishlist 2','public',0,'2014-09-16 20:22:25',NULL),(3,2,'<script>alert(34)</script>','private',1,'2015-07-10 18:10:54',NULL);
/*!40000 ALTER TABLE `tbl_wish_list` ENABLE KEYS */;
UNLOCK TABLES;

--
-- Table structure for table `tbl_wish_list_item`
--

DROP TABLE IF EXISTS `tbl_wish_list_item`;
/*!40101 SET @saved_cs_client     = @@character_set_client */;
/*!40101 SET character_set_client = utf8 */;
CREATE TABLE `tbl_wish_list_item` (
  `id` int(11) NOT NULL AUTO_INCREMENT,
  `wish_list_id` int(11) NOT NULL,
  `product_id` int(11) NOT NULL,
  `created` datetime NOT NULL,
  PRIMARY KEY (`id`),
  UNIQUE KEY `wish_list_id_product_id` (`wish_list_id`,`product_id`),
  KEY `product_id` (`product_id`),
  CONSTRAINT `tbl_wish_list_item_ibfk_2` FOREIGN KEY (`product_id`) REFERENCES `tbl_products` (`productID`) ON DELETE CASCADE ON UPDATE CASCADE,
  CONSTRAINT `tbl_wish_list_item_ibfk_1` FOREIGN KEY (`wish_list_id`) REFERENCES `tbl_wish_list` (`id`) ON DELETE CASCADE ON UPDATE CASCADE
) ENGINE=InnoDB AUTO_INCREMENT=7 DEFAULT CHARSET=utf8;
/*!40101 SET character_set_client = @saved_cs_client */;

--
-- Dumping data for table `tbl_wish_list_item`
--

LOCK TABLES `tbl_wish_list_item` WRITE;
/*!40000 ALTER TABLE `tbl_wish_list_item` DISABLE KEYS */;
INSERT INTO `tbl_wish_list_item` VALUES (1,1,101,'2014-09-16 20:40:45'),(2,1,64,'2014-09-16 20:40:45'),(3,1,89,'2014-09-16 20:40:45'),(4,2,167,'2014-09-16 20:40:45'),(5,2,104,'2014-09-16 20:40:45'),(6,3,1,'2015-07-10 18:10:54');
/*!40000 ALTER TABLE `tbl_wish_list_item` ENABLE KEYS */;
UNLOCK TABLES;

--
-- Table structure for table `tbl_wishlist_followers`
--

DROP TABLE IF EXISTS `tbl_wishlist_followers`;
/*!40101 SET @saved_cs_client     = @@character_set_client */;
/*!40101 SET character_set_client = utf8 */;
CREATE TABLE `tbl_wishlist_followers` (
  `id` int(11) NOT NULL AUTO_INCREMENT,
  `user_id` mediumint(8) unsigned NOT NULL,
  `follower_id` mediumint(8) unsigned NOT NULL,
  `created_at` timestamp NOT NULL DEFAULT CURRENT_TIMESTAMP,
  PRIMARY KEY (`id`),
  UNIQUE KEY `followers` (`user_id`,`follower_id`),
  KEY `user_id` (`user_id`),
  KEY `tbl_follower_id_ibfk_2` (`follower_id`),
  CONSTRAINT `tbl_user_id_ibfk_1` FOREIGN KEY (`user_id`) REFERENCES `tbl_users` (`id`) ON DELETE CASCADE ON UPDATE CASCADE,
  CONSTRAINT `tbl_follower_id_ibfk_2` FOREIGN KEY (`follower_id`) REFERENCES `tbl_users` (`id`) ON DELETE CASCADE ON UPDATE CASCADE
) ENGINE=InnoDB DEFAULT CHARSET=utf8;
/*!40101 SET character_set_client = @saved_cs_client */;

--
-- Dumping data for table `tbl_wishlist_followers`
--

LOCK TABLES `tbl_wishlist_followers` WRITE;
/*!40000 ALTER TABLE `tbl_wishlist_followers` DISABLE KEYS */;
/*!40000 ALTER TABLE `tbl_wishlist_followers` ENABLE KEYS */;
UNLOCK TABLES;
/*!40103 SET TIME_ZONE=@OLD_TIME_ZONE */;

/*!40101 SET SQL_MODE=@OLD_SQL_MODE */;
/*!40014 SET FOREIGN_KEY_CHECKS=@OLD_FOREIGN_KEY_CHECKS */;
/*!40014 SET UNIQUE_CHECKS=@OLD_UNIQUE_CHECKS */;
/*!40101 SET CHARACTER_SET_CLIENT=@OLD_CHARACTER_SET_CLIENT */;
/*!40101 SET CHARACTER_SET_RESULTS=@OLD_CHARACTER_SET_RESULTS */;
/*!40101 SET COLLATION_CONNECTION=@OLD_COLLATION_CONNECTION */;
/*!40111 SET SQL_NOTES=@OLD_SQL_NOTES */;

-- Dump completed on 2015-07-10 20:32:11
